deal_id;target_country;location;investor_name;investor_country;intention;year;negotiation_status;implementation_status;intended_size;nature_of_deal;contract_farming
3;Myanmar;Rakhine;Andhra Pradesh Industrial Infrastructure Corporation Ltd. (APIIC);India;Food crops;2007;intended;;20234;lease/concession;
4;Bangladesh;Noakhali;Individual entrepreneurs from Bangladesh;Bangladesh;Livestock;2003;concluded;not started;5000;;
11;Cambodia;Ratanakiri Province;30/4 Gialani Company Limited;Vietnam;Agriunspecified;2005;concluded;;9380;lease/concession;
12;Cambodia;Kratié;China Asean Resources Ltd.;China;For wood and fibre;2008;concluded;;7000;;
13;Cambodia;Mondol Kiri;Agro Forestry Research;China;Non-food agricultural commodities;2009;concluded;;7000;;
15;Cambodia;Cambodia;Amira Nature Foods Ltd;United Arab Emirates;Food crops;2010;intended;;25000;;
16;Cambodia;Balang;An Mady Group;Cambodia;Livestock;2005;concluded;;9863;;
17;Cambodia;Oddar Meancheay;Mitr Phol Group;Thailand;Biofuels;2008;concluded;;6523;;
18;Cambodia;Kratie;Asia World Agricultural Development (Cambodia) Co. Ltd.;Cambodia;For wood and fibre;2006;concluded;;10000;;
19;Cambodia;Memot;Bigimexco;Vietnam;Food crops;2006;concluded;;10603;;
20;Cambodia;Santuk;"BNA (Cam) Corp
";South Korea;Agriunspecified;2009;concluded;;7500;;
23;Cambodia;Phnom Sruoch;CJ Corporation;South Korea;Biofuels;2001;concluded;;5000;;
26;Cambodia;Kampot;"CAMLAND Co., Ltd.,  MH Ethanol Co. Ltd.
";Cambodia;Agriunspecified;2000;concluded;;16400;;
27;Cambodia;Kratié;Carmadeno Venture Limited;India;Agriunspecified;2009;concluded;;7635;;
29;Cambodia;Kratié;Central First Company;USA;Non-food agricultural commodities;2009;concluded;;7000;;
30;Cambodia;Phnom Sruoch;China National Corporation for Overseas Economic Cooperation Laod Star Development;China;Food crops;;failed;;8000;;
32;Cambodia;Oddar Meancheay;Crystal Agro Company Limited;Cambodia;Biofuels;2006;concluded;;8000;;
33;Cambodia;Kratié;CIV Development Company;Vietnam;Non-food agricultural commodities;2009;concluded;;769;;
34;Cambodia;Mondulkiri;"Covyphama Co., Ltd
";Cambodia;Non-food agricultural commodities;2008;concluded;;5345;;
35;Cambodia;Kratié;China Asean Resources Ltd.;China;Non-food agricultural commodities;2008;concluded;;7200;;
36;Cambodia;Pu Chrey,  Khum Krang Teh,  Srae Ampum;DUI Holding A/S;Denmark;Non-food agricultural commodities;2009;concluded;;4000;;
37;Cambodia;Kratié;;;Food crops;2007;concluded;;6436;;
38;Cambodia;Chhuk;"First Bio-Tech Agricultural (Cambodia) Co. Ltd.
";Cambodia;Livestock;2005;concluded;;10000;;
39;Cambodia;Phnom Sruoch;"Fortuna Plantation (Cambodia) Limited
";Malaysia;Agriunspecified;2009;concluded;;7955;;
40;Cambodia;Koh Russei, Bamboo Island;CityStar;France; Tourism;2008;concluded;;333;lease/concession;
42;Cambodia;Stung Treng;;Canada, China; Livestock;2005;concluded;;5000;;
43;Cambodia;Sambo District;;USA;For wood and fibre;2012;abandoned;;9800;;
45;Cambodia;Prasat Sambour;Gold Foison (Cambodia) A/C Import Export & Construction Co Ltd;Cambodia;Non-food agricultural commodities;2007;concluded;;12000;;
46;Cambodia;Phnom Sruoch;Golden Land Development Co.;China;Food crops;2004;concluded;;4900;;
48;Cambodia;Stung Treng;Grand Land Agricultural Development (Cambodia) Co Ltd;Cambodia;Forest;2007;concluded;in operation;9854;;
49;Cambodia;Phnum Sruoch;SRP International Group Ltd.,  International Woodlands Company A/S;China;Forest;2009;concluded;;9820;;
50;Cambodia;Kratié;;China;Agriunspecified;2006;concluded;;8985;;
51;Cambodia;Kratié;;China;Agriunspecified;2006;concluded;;8178;;
52;Cambodia;Kratié;Green Island Agricultural Development (Cambodia) Limited;Cambodia;For wood and fibre;2006;concluded;;9583;;
54;Cambodia;Siem Pang;"Green Sea Agriculture Co., Ltd.
";Cambodia;Agriunspecified;2001;concluded;in operation;100852;;
55;Cambodia;Santuk;"H.M.H Co., Ltd
";Cambodia; For wood and fibre;2007;concluded;in operation;5914;;
57;Cambodia;Andong Meas;Hoang Anh Gia Lai (HAGL);Vietnam;Non-food agricultural commodities;2009;concluded;startup phase -2012;2361;;
58;Cambodia;Andong Meas;Heng Development Co.; Ltd.;Agriunspecified;2006;concluded;;8654;;
59;Cambodia;Oyadao District;"Heng Heap Investment
";Cambodia; Non-food agricultural commodities;2009;concluded;;7000;;
60;Cambodia;Srae Ambel;Heng Huy Agriculture Group Co. Ltd;Cambodia;Agriunspecified;2010;concluded;;779;;
61;Cambodia;Cardamom Mountains;Indochina Gateway Capital Limited;Australia;Food crops;2012;failed;;14981;;
62;Cambodia;Siem Reap;Kain Co.;Cambodia; Non-food agricultural commodities;2006;concluded;;3445;;
63;Cambodia;Kampong Speu​;L.Y.P. Group Co.;Cambodia;Food crops;2010;concluded;;13752;;
64;Cambodia;Kuleaen;Kapa Ltd;South Korea;;2009;concluded;;40000;lease/concession;
65;Cambodia;Ratanak Kiri;"Kiri Development
";Cambodia;Non-food agricultural commodities;2009;concluded;;807;;
67;Cambodia;Botum Sakor;Khon Kaen Sugar Industry Public Company Limited;Thailand;Biofuels, Food crops;2006;concluded;;9400;;
68;Cambodia;Srae Ambel;Khon Kaen Sugar Industry Public Company Limited;Thailand;Biofuels, Food crops;2006;concluded;in operation;9700;;
70;Cambodia;Mondol Kiri;;China;Non-food agricultural commodities;2008;concluded;;7000;lease/concession;
71;Cambodia;Battambang;"LEANG HOUR HONG Import and Export, Agro Industry Development and Processing
";Cambodia;Agriunspecified;2008;concluded;;8000;;
72;Cambodia;Cambodia;Leopard Capital;Cayman Islands;Food crops;2000;concluded;;3000;;
73;Cambodia;Oddar Meancheay;Mitr Phol Group;Thailand;Biofuels, Food crops;2008;concluded;;6595;;
74;Cambodia;Santuk;BLD Plantation Bhd. ;Malaysia;Agriunspecified;2006;concluded;;9784;;
75;Cambodia;Kratié;;Vietnam;Non-food agricultural commodities;2009;concluded;;8000;;
76;Cambodia;Memot;Men Sarun Co. Ltd.;Cambodia;Agriunspecified;2006;concluded;;4400;;
77;Cambodia;Ratanak Kiri;Vietnam Rubber Group;Vietnam;Non-food agricultural commodities;2009;concluded;;6891;;
78;Cambodia;Memot;Mieng Ly Heng Investment;Cambodia;For wood and fibre;2005;concluded;;3000;;
79;Cambodia;Mondol Kiri;;Singapore;Non-food agricultural commodities;2009;concluded;;9100;;
80;Cambodia;Krong Preah Sihanouk;Mong Reththy Group;Cambodia;Agriunspecified;2000;concluded;;1800;;
82;Cambodia;Ratanak Kiri;Oryung Construction;South Korea;Non-food agricultural commodities;2006;concluded;;6866;;
83;Cambodia;Snoul District;P.D.A Co. Ltd.;South Korea;Agriunspecified;2009;concluded;;5256;;
84;Cambodia;Kaun Moum;Pelin Group Agricultural Development (Cambodia) Limited;Cambodia;Agriunspecified;2009;failed;;8847;;
85;Cambodia;Sameakki Mean Chey;"Phea Phimex Co., Ltd
";Cambodia;For wood and fibre;2000;concluded;;307842;;
88;Cambodia;Kampong Speu​;L.Y.P. Group Co.;Cambodia;Food crops;2010;concluded;;8343;;
89;Cambodia;Stung Treng;Phou Mady Investment Group;Cambodia; For wood and fibre;2006;concluded;;10000;;
90;Cambodia;Kratié;Plantation Agricultural Development (Cambodia) Limited;Cambodia;Forest;2009;failed;;9214;lease/concession;
93;Cambodia;Samlot;Rath Sambath;Cambodia;Non-food agricultural commodities;2009;concluded;;5200;;
94;Cambodia;Sesan;(Cambodia) Research Mining and Development;Cambodia;Forest;2009;concluded;;7200;;
95;Cambodia;Chong Kal;Mitr Phol Group;Thailand;Biofuels, Food crops;2008;concluded;;6618;;
96;Cambodia;Stung Treng;Sal Sophea Peanich Co.;Cambodia; For wood and fibre, Forest;2001;concluded;;9917;;
97;Cambodia;Varin; Anlong Veng; Cambodia; Non-food agricultural commodities, Forest;2006;concluded;;9658;;
99;Cambodia;Siem Pang;Sekong Aphivath Co. Ltd.;Cambodia; Livestock;2006;concluded;;9850;;
100;Cambodia;Kampong Speu​;HLH Group Limited;Singapore; Non-food agricultural commodities, Food crops;2007;concluded;;9985;;
101;Cambodia;Se San;HuaYue Group Co. Ltd.;China; Non-food agricultural commodities, Forest;2006;concluded;;10000;;
102;Cambodia;Se San;Sopheak Nika Investment Agro-Industrial Plants Co. Ltd.;Cambodia; Non-food agricultural commodities, Forest;2005;concluded;;10000;;
103;Cambodia;Siem Reap;Sophorn Theary Peanich Co. Ltd.;Cambodia; Non-food agricultural commodities;2006;concluded;;5042;;
104;Cambodia;Kbal Damrei;Sun Kuy Ty;Cambodia; Non-food agricultural commodities;2008;concluded;;999;;
105;Cambodia;Krâya;Vietnam Rubber Group;Vietnam; Non-food agricultural commodities;2007;concluded;in operation;8100;;
106;Cambodia;Mondol Kiri;;Vietnam; Non-food agricultural commodities, Food crops;2007;failed;abandoned;7600;;
107;Cambodia;Snuol;;Vietnam; Non-food agricultural commodities, Food crops;2010;failed;;7560;lease/concession;
108;Cambodia;Rovieng;Vietnam Rubber Group;Vietnam;Non-food agricultural commodities;2009;concluded;;6060;;
109;Cambodia;Kratié;China Asean Resources Ltd.;China;For wood and fibre;2007;concluded;;6971;;
110;Cambodia;Memot;TTY Industrial Crops Development Import-Export;Cambodia;Agriunspecified;2000;concluded;;1070;lease/concession;
111;Cambodia;Phnom Sruoch;"Uk Khun Industrial Plants and Other  Development
";Cambodia;Food crops, Livestock;2002;concluded;;12506;;
112;Cambodia;Mondol Kiri;Unigreen Resource Co.; Ltd; Non-food agricultural commodities, Forest;2009;concluded;;8000;;
113;Cambodia;Sesan;Un-Inter Trading and Development Group (Cambodia) Co. Ltd.;Cambodia;Agriunspecified;2009;concluded;;7000;;
114;Cambodia;Memot;"VANNMA Import-Export Co.; Ltd
";Cambodia;Food crops;2004;concluded;;1200;;
116;Cambodia;Chhuk;So Nguon Group Company;Cambodia;For wood and fibre;2005;concluded;;9800;;
117;Cambodia;Mondulkiri;"Wuzhishan L.S Group
";China;Food crops;2005;concluded;;10000;;
127;Cambodia;Phnum Sruoch;Kimsville Corp.;None;Agriunspecified;2009;failed;;3200;lease/concession;
129;Cambodia;Uddor Meanchey;Real Green Co. Ltd.;Thailand;Agriunspecified;2006;concluded;;8000;;
130;Cambodia;Kratié;Vietnam Rubber Group;Vietnam;Non-food agricultural commodities;2008;concluded;;2502;;
131;China;Yunnan;China Sandi Holdings Limited;China;Biofuels;2008;concluded;in operation;33350;;
135;China;Laiyang; Shandong,  Volksrepublik China Asahi Breweries Ltd, Itochu Corp, Sumitoto Chemical Company Ltd.;Japan;Food crops, Livestock;2006;concluded;;300;;
138;China;Yu Jia Yao Cun;;China, New Zealand;Livestock;2012;concluded;;1000;;
140;Indonesia;Merauke;Wilmar International Ltd;Singapore;Food crops;2013;concluded;;200000;lease/concession;
144;China;Nanning;; China, Finland;For wood and fibre;2005;concluded;;120000;;
146;China;Yunnan; Volksrepublik China, Chinese Government;China;For carbon sequestration,  For wood and fibre;2008;concluded;not started;1342;;
151;China;Jiangsu; Fujian; China;Food crops;2001;concluded;;;;
154;China;Volksrepublik China;China Huiyuan Juice Group Ltd, Voksrepublic China;China;Food crops;2012;concluded;;200000;;
155;China;China;Yuen Foong Yu Group;China; For wood and fibre;2001;concluded;;100000;;
156;East Timor;Cova Lima;GTLeste Biotech;Indonesia;Biofuels, Food crops;2009;under negotiation;;100000;;
163;Indonesia;Sumatra;NEOS Resources PLC;United Kingdom;Non-food agricultural commodities;2007;concluded;abandoned;500;;
164;Indonesia;Kalimantan;KS Oils Ltd;India;Food crops;2008;concluded;;55847;;
165;Indonesia;Paleleh;;South Korea;Agriunspecified;2008;concluded;;25000;;
168;Indonesia;Republik Indonesien;"Bunge Ltd, PT Tiga Pilar Sejahtera Food Tbk (""TPS Food"")";USA;Food crops;2011;concluded;;10000;;
172;Indonesia;Kalimantan Barat;Harim Holdings Co Ltd;South Korea;Food crops;2008;intended;;100000;;
173;Indonesia;Kalimantan;Daewoo Logistics;South Korea;Food crops;2009;failed;;20000;;
178;Indonesia;Sumatra;Wilmar International Ltd;Singapore;Biofuels, Food crops;2013;concluded;;;lease/concession;
181;Indonesia;Province Central Sulawesi;PT Hartati Inti Plantation (HIP) ;Indonesia;Agriunspecified;2010;concluded;;75000;lease/concession;
182;Indonesia;West Kalimantan;Sime Darby;Malaysia;Biofuels, Food crops;2012;concluded;;59721;lease/concession;
187;Indonesia;East Kalimantan;First Resources ;Singapore; Biofuels;2011;concluded;;100000;;
188;Indonesia;Kapuas Hulu;Genting Group;Malaysia;Agriunspecified;2006;concluded;;15109;;
189;Indonesia;Sumatra;Sinar Mas Group;Indonesia;Biofuels, Food crops;2011;concluded;;366914;;
191;Indonesia;West Kalimantan;First Pacific;China;Food crops;2005;concluded;;27000;;
192;Indonesia;Belitung;Kuala Lumpur Kepong Berhad (KLK);Malaysia;Biofuels, Food crops;2013;concluded;;137486;;
194;Indonesia;Central Sulawesi;PT Astra Agro Lestari Tbk;Indonesia; Food crops;2012;concluded;;6580;;
195;Indonesia;Sorong;Noble Group;China;Biofuels, Food crops;2004;concluded;;32500;;
196;Indonesia;Sumatra;PT Bakrie Sumatera Plantations Tbk;Indonesia;Biofuels;2011;concluded;;129936;;
202;Kazakhstan;Alaköl-See; Kazakhstan government;Kazakhstan, China;Food crops, Livestock;2003;concluded;;7000;;
206;Kazakhstan;Almaty;Government of Kazakhstan,  Toyota Tsusho Co.;Kazakhstan, Japan;Food crops;2008;concluded;;6000;;
211;Iraq;Arbil;Noor company;Egypt;Livestock;;;;250;;
217;Laos;Laos;Aditya Birla Group;India;For wood and fibre;2006;concluded;;50000;;
219;Laos;Vientiane;Ari Construction and Building Repairment Co;China;Non-food agricultural commodities;2009;concluded;;200;lease/concession;
222;Laos;Vientiane;Cherchanghang Co;China;Non-food agricultural commodities;2009;concluded;;200;;
225;Laos;Champassak;Dac Lac Rubber Co;Vietnam;Non-food agricultural commodities;2006;concluded;in operation;10000;;
228;Laos;Vientiane;Feuangdong Lao Co;Laos;Livestock, Forest;2009;concluded;;500;lease/concession;
229;Laos;Laos; Government of Laos;China,  Laos;Food crops, Livestock;2004;concluded;;5000;;
230;Laos;Vientiane;;;;;;;500;;
234;Laos;Attapeu;;;;;;;30000;;
238;Laos;Vientiane;;;;;;;;;
239;Laos;Bolikhamsai;;;;;;;;;
241;Laos;Champasak;;;;;;;;;
251;Laos;Bachieng District;;;;;;;;;
253;Laos;Laos;;;;;;;;;
254;Laos;Vientiane;;;;;;;;;
258;Laos;Vientiane;;;;;;;;;
261;Laos;Vientiane;;;;;;;;;
266;Laos;Vientiane;;;;;;;;;
268;Laos;Savannakhet;;;;;;;;;
272;Laos;Khammuan;;;;;;;;;
274;Laos;Muang Pakxong;;;;;;;;;
276;Laos;Muang Mai;;;;;;;;;
277;Laos;Vientiane;;;;;;;;;
279;Laos;Champasak;;;;;;;;;
285;Laos;Laos;;;;;;;;;
288;Laos;Vientiane;;;;;;;;;
296;Laos;Luang Namtha;;;;;;;;;
297;Laos;Champasak;;;;;;;;;
307;Malaysia;Sabah;;;;;;;;;
308;Malaysia;Malaysia;;;;;;;;;
311;Malaysia;Sungai Besi;;;;;;;;;
313;Malaysia;Sarawak;;;;;;;;;
316;Malaysia;Tanjung Manis;;;;;;;;;
319;Malaysia;Kapit;;;;;;;;;
324;Malaysia;Sarawak;;;;;;;;;
325;Malaysia;Sarawak;;;;;;;;;
333;Malaysia;Malaysia;;;;;;;;;
348;Myanmar;Myanmar;;;;;;;;;
355;Pakistan;Mīrpur Khās;;;;;;;;;
365;Pakistan;Belutschistan;;;;;;;;;
367;Pakistan;Rahimyar Khan;;;;;;;;;
369;Pakistan;Belutschistan;;;;;;;;;
378;Pakistan;Thar;;;;;;;;;
379;Pakistan;Pakistan;;;;;;;;;
388;Pakistan;Pakistan;;;;;;;;;
399;Philippines;Mindanao;;;;;;;;;
404;Philippines;Davao del Norte;;;;;;;;;
413;Philippines;Philippinen;;;;;;;;;
414;Philippines;Palawan;;;;;;;;;
416;Philippines;Isabela;;;;;;;;;
426;Philippines;Philippinen;;;;;;;;;
427;Philippines;Delfin Albano;;;;;;;;;
431;Philippines;Philippinen;;;;;;;;;
432;Philippines;Toledo City;;;;;;;;;
433;Philippines;Mindanao;;;;;;;;;
434;Philippines;Luzon;;;;;;;;;
436;Philippines;San Mariano;;;;;;;;;
438;Philippines;Sarangani;;;;;;;;;
439;Indonesia;Sulawesi;;;;;;;;;
443;Philippines;Mindoro;;;;;;;;;
449;Philippines;Luzon;;;;;;;;;
452;Philippines;Mindanao;;;;;;;;;
456;Philippines;Philippinen;;;;;;;;;
462;Philippines;Mindanao;;;;;;;;;
465;Philippines;Philippinen;;;;;;;;;
467;Philippines;Central Luzon;;;;;;;;;
469;Philippines;Capas;;;;;;;;;
471;Philippines;Gutalac;;;;;;;;;
472;Philippines;Pampanga;;;;;;;;;
474;Philippines;Mallig;;;;;;;;;
475;Philippines;Negros Oriental;;;;;;;;;
476;Philippines;Lamut;;;;;;;;;
480;Philippines;Philippinen;;;;;;;;;
486;Philippines;Sarangani;;;;;;;;;
489;Philippines;North Upi;;;;;;;;;
493;Philippines;Bohol;;;;;;;;;
495;Philippines;Taguig City;;;;;;;;;
505;Thailand;Thailand;;;;;;;;;
510;Thailand;Nan;;;;;;;;;
512;Thailand;Nakhon Si Thammarat;;;;;;;;;
513;Thailand;Nong Khai;;;;;;;;;
520;Turkey;Kilis;;;;;;;;;
532;Turkey;Türkei;;;;;;;;;
541;Vietnam;Ninh Thuan province;;;;;;;;;
543;Vietnam;tp. Đà Lạt;;;;;;;;;
544;Vietnam;Lang Son Province;;;;;;;;;
545;Vietnam;Da Nang;;;;;;;;;
557;India;Indien;;;;;;;;;
564;India;Mundra;;;;;;;;;
568;India;Surat;;;;;;;;;
569;India;Gopalpur;;;;;;;;;
571;India;Nagaland;;;;;;;;;
572;India;Maharashtra;;;;;;;;;
573;India;karnataka;;;;;;;;;
574;India;Kalinga Nagar;;;;;;;;;
575;India;Salboni;;;;;;;;;
577;India;Tamnar;;;;;;;;;
579;India;Naharpali;;;;;;;;;
581;India;Maharashtra;;;;;;;;;
582;India;Maharashtra;;;;;;;;;
584;India;Latur;;;;;;;;;
585;India;Maharashtra;;;;;;;;;
588;India;Juve Jaitapur;;;;;;;;;
589;India;Maharashtra;;;;;;;;;
590;India;Krishna Nagar;;;;;;;;;
591;India;Jagatsinghpur;;;;;;;;;
592;India;Haryana;;;;;;;;;
593;India;Jamnagar;;;;;;;;;
594;India;Nayachar;;;;;;;;;
595;India;Sriperumbudur;;;;;;;;;
602;India;Gagret;;;;;;;;;
603;India;Karnataka;;;;;;;;;
604;India;Bastar;;;;;;;;;
605;India;Gobaraghati;;;;;;;;;
608;India;Orissa (Niyamgiri Hills);;;;;;;;;
609;India;Gandheli;;;;;;;;;
614;India;Valliyur;;;;;;;;;
615;India;Andhra Pradesh;;;;;;;;;
616;India;Atchutapuram;;;;;;;;;
619;India;Samsthan Narayanpur;;;;;;;;;
620;India;Madhya Pradesh;;;;;;;;;
625;India;West Bengal;;;;;;;;;
626;India;Khoda;;;;;;;;;
628;India;Tamil Nadu;;;;;;;;;
629;India;Rajasthan;;;;;;;;;
630;India;Andra Pradesh;;;;;;;;;
638;India;Coimbatore;;;;;;;;;
643;India;Karnataka;;;;;;;;;
644;India;Gujarat;;;;;;;;;
645;India;Uttar Pradesh;;;;;;;;;
652;India;Chhattisgarh;;;;;;;;;
653;India;Chhattisgarh;;;;;;;;;
655;India;Maharashtra;;;;;;;;;
659;India;Hayathnagar;;;;;;;;;
661;India;Achutapuram;;;;;;;;;
662;India;Andhra Pradesh;;;;;;;;;
663;India;Andhra Pradesh;;;;;;;;;
665;India;Andhra Pradesh;;;;;;;;;
666;India;Andhra Pradesh;;;;;;;;;
667;India;Andhra Pradesh;;;;;;;;;
668;India;Andhra Pradesh;;;;;;;;;
669;India;Andhra Pradesh;;;;;;;;;
670;India;Gujarat;;;;;;;;;
672;India;Gujarat;;;;;;;;;
673;India;Gujarat;;;;;;;;;
675;India;Gujarat;;;;;;;;;
676;India;Gujarat;;;;;;;;;
677;India;Gujarat;;;;;;;;;
678;India;Karnataka;;;;;;;;;
679;India;Kadechur;;;;;;;;;
680;India;Padubidri;;;;;;;;;
682;India;Maharashtra;;;;;;;;;
684;India;Latur;;;;;;;;;
685;India;Maharashtra;;;;;;;;;
686;India;Maharashtra;;;;;;;;;
687;India;Maharashtra;;;;;;;;;
690;India;Maharashtra;;;;;;;;;
691;India;Maharashtra;;;;;;;;;
692;India;Maharashtra;;;;;;;;;
693;India;Maharashtra;;;;;;;;;
694;India;Chennai;;;;;;;;;
695;India;Tamil Nadu;;;;;;;;;
697;India;Tamil Nadu;;;;;;;;;
698;India;Tamil Nadu;;;;;;;;;
699;India;Uttaranchal;;;;;;;;;
700;Argentina;Neuquén;;;;;;;;;
701;Argentina;San Pedro;;;;;;;;;
703;Argentina;A. Ibarra;;;;;;;;;
704;Argentina;Quimilí;;;;;;;;;
710;Argentina;Punta Colorada;;;;;;;;;
717;Argentina;Río Negro;;;;;;;;;
719;Argentina;Río Negro Province;;;;;;;;;
724;Argentina;Buenos Aires Province;;;;;;;;;
727;Argentina;Malargüe;;;;;;;;;
729;Argentina;La Pampa Province;;;;;;;;;
732;Argentina;Chaco Province;;;;;;;;;
734;Argentina;Neuquen;;;;;;;;;
736;Argentina;Victoria;;;;;;;;;
737;Argentina;San Juan;;;;;;;;;
738;Bolivia (Plurinational State of);Santa Cruz de la Sierra;;;;;;;;;
739;Bolivia (Plurinational State of);Chané;;;;;;;;;
744;Bolivia (Plurinational State of);San Pedro;;;;;;;;;
746;Brazil;Mato Grosso;;;;;;;;;
747;Brazil;São Paulo - State of São Paulo;;;;;;;;;
749;Brazil;Januária - Minas Gerais;;;;;;;;;
750;Brazil;State of Pará;;;;;;;;;
751;Brazil;State of Bahia;;;;;;;;;
753;Brazil;Itapipoca;;;;;;;;;
754;Brazil;State of São Paulo;;;;;;;;;
755;Brazil;Maranhão;;;;;;;;;
756;Brazil;São Desidério - Bahia;;;;;;;;;
757;Brazil;State of Piauí;;;;;;;;;
759;Brazil;State of Tocantins;;;;;;;;;
761;Brazil;Três Lagoas - Mato Grosso do Sul;;;;;;;;;
765;Brazil;Santarém;;;;;;;;;
766;Brazil;State of Rio Grande do Sul;;;;;;;;;
767;Brazil;Bahia;;;;;;;;;
768;Brazil;São Paulo;;;;;;;;;
771;Brazil;Brasil;;;;;;;;;
773;Brazil;Bahía;;;;;;;;;
774;Brazil;Estado de Paraná;;;;;;;;;
775;Brazil;Baixa Grande - Bahía;;;;;;;;;
776;Brazil;Alto Taquari - Mato Grosso;;;;;;;;;
778;Brazil;State of Pará;;;;;;;;;
779;Brazil;Ivinhema - Mato Grosso do Sul;;;;;;;;;
781;Brazil;Tocantins;;;;;;;;;
782;Brazil;State of Tocantins;;;;;;;;;
783;Brazil;Mato Grosso;;;;;;;;;
784;Brazil;Amazonas;;;;;;;;;
785;Brazil;Bahia province;;;;;;;;;
793;Chile;Región de la Araucanía;;;;;;;;;
794;Chile;Ovalle;;;;;;;;;
795;Chile;Maule Region;;;;;;;;;
801;Colombia;Norte de Santander;;;;;;;;;
802;Colombia;El Peñón;;;;;;;;;
803;Colombia;Bolívar;;;;;;;;;
806;Colombia;Carmen del Darien;;;;;;;;;
807;Colombia;Ovejas;;;;;;;;;
812;Costa Rica;Costa Rica;;;;;;;;;
815;Costa Rica;Peninsula De Nicoya;;;;;;;;;
818;Cuba;Cuba;;;;;;;;;
833;Guatemala;Chiquimililla;;;;;;;;;
834;Guatemala;Sayaxché;;;;;;;;;
835;Guatemala;Mariscos y Estor;;;;;;;;;
837;Guatemala; (Petén);;;;;;;;;
838;Guatemala;(Alta Verapaz);;;;;;;;;
839;Guatemala; (Petén);;;;;;;;;
840;Guatemala;Sayaxché;;;;;;;;;
843;Guatemala;Alta Verapaz;;;;;;;;;
844;Guatemala;Morales;;;;;;;;;
847;Guyana;Upper Takutu-Upper Essequibo;;;;;;;;;
849;Guyana;Guyana;;;;;;;;;
851;Guyana;Bartica;;;;;;;;;
854;Mexico;Oaxaca;;;;;;;;;
855;Mexico;Oaxaca;;;;;;;;;
858;Mexico;Chiapas;;;;;;;;;
859;Mexico;Tizimín;;;;;;;;;
860;Mexico;San Dionisio del Mar;;;;;;;;;
869;Paraguay;Boquerón;;;;;;;;;
872;Paraguay;Departamento de Alto Paraguay;;;;;;;;;
875;Paraguay;Paraguay;;;;;;;;;
877;Paraguay;Caazapa;;;;;;;;;
879;Paraguay;Chaco;;;;;;;;;
880;Paraguay;Boquerón;;;;;;;;;
884;Peru;Ucayali;;;;;;;;;
885;Peru;Piura;;;;;;;;;
886;Peru;Ica;;;;;;;;;
887;Peru;Ica;;;;;;;;;
889;Peru;Ica;;;;;;;;;
890;Peru;Ancash;;;;;;;;;
891;Peru;Piura;;;;;;;;;
892;Peru;Ica;;;;;;;;;
895;Peru;La Libertad;;;;;;;;;
897;Peru;La Libertad;;;;;;;;;
898;Peru;La Libertad;;;;;;;;;
899;Peru;Lambayeque;;;;;;;;;
900;Peru;La Libertad;;;;;;;;;
901;Peru;Lambayeque;;;;;;;;;
902;Peru;Barranquita;;;;;;;;;
903;Peru;Tocache;;;;;;;;;
904;Peru;Yurimaguas;;;;;;;;;
906;Peru;Valle de Piura;;;;;;;;;
907;Peru;Piura;;;;;;;;;
909;Peru;Huacho;;;;;;;;;
910;Peru;Lambayeque;;;;;;;;;
911;Peru;Ica;;;;;;;;;
920;Peru;San Martin;;;;;;;;;
924;Uruguay;Paysandú;;;;;;;;;
926;Uruguay;Tacuarembó;;;;;;;;;
928;Uruguay;Tacuarembo;;;;;;;;;
933;Uruguay;Durazno;;;;;;;;;
934;Uruguay;Cerro Largo;;;;;;;;;
937;Uruguay;Durazno;;;;;;;;;
938;Venezuela (Bolivarian Republic of);Guárico;;;;;;;;;
950;Bulgaria;Pleven;;;;;;;;;
952;Bulgaria;Pleven;;;;;;;;;
953;Bulgaria;Pordim;;;;;;;;;
954;Bulgaria;Montana;;;;;;;;;
955;Bulgaria;Gabrovo;;;;;;;;;
962;Lithuania;Mažeikiai;;;;;;;;;
980;Romania;Buzău;;;;;;;;;
981;Romania;Tormac;;;;;;;;;
983;Romania;Argeș County;;;;;;;;;
984;Romania;Brașov;;;;;;;;;
987;Romania;Romania;;;;;;;;;
993;Russian Federation;Penza;;;;;;;;;
995;Russian Federation;Uvelskiy;;;;;;;;;
999;Russian Federation;Penza;;;;;;;;;
1003;Russian Federation;Ertil;;;;;;;;;
1004;Russian Federation;Tambov;;;;;;;;;
1005;Russian Federation;Kursk;;;;;;;;;
1006;Russian Federation;Kurgan;;;;;;;;;
1007;Russian Federation;Lipetsk;;;;;;;;;
1012;Russian Federation;Penza;;;;;;;;;
1013;Russian Federation;Altay;;;;;;;;;
1014;Russian Federation;Primorsky Krai;;;;;;;;;
1015;Russian Federation;Nizhny Lomov;;;;;;;;;
1016;Russian Federation;Lipetsk;;;;;;;;;
1017;Russian Federation;Krasnodar;;;;;;;;;
1019;Solomon Islands;Ngalimbiu River;;;;;;;;;
1021;Suriname;Suriname;;;;;;;;;
1023;Ukraine;Kharkiv;;;;;;;;;
1026;Ukraine;Lviv;;;;;;;;;
1033;Ukraine;Sumy;;;;;;;;;
1034;Ukraine;Vinnytsia;;;;;;;;;
1036;Ukraine;Kharkiv;;;;;;;;;
1037;Ukraine;Zhdanivka;;;;;;;;;
1038;Ukraine;Kirovohrad;;;;;;;;;
1040;Ukraine;Vinnytsia;;;;;;;;;
1041;Ukraine;Kharkiv;;;;;;;;;
1047;Ukraine;Lviv;;;;;;;;;
1048;Ukraine;Kharkiv;;;;;;;;;
1049;Ukraine;Ternopil;;;;;;;;;
1050;Ukraine;Chernihiv;;;;;;;;;
1051;Ukraine;Ternopil;;;;;;;;;
1055;Argentina;Puerto Deseado;;;;;;;;;
1056;Argentina;Rancul;;;;;;;;;
1057;Argentina;Rancul;;;;;;;;;
1058;Argentina;Trenel;;;;;;;;;
1059;Argentina;Concepción del Uruguay;;;;;;;;;
1060;Argentina;Joaquín V. González;;;;;;;;;
1061;Argentina;Luján;;;;;;;;;
1062;Argentina;Buenos Aires;;;;;;;;;
1063;Argentina;Corrientes;;;;;;;;;
1064;Argentina;San Javier;;;;;;;;;
1065;Argentina;Santiago del Estero;;;;;;;;;
1066;Argentina;Las Lajitas;;;;;;;;;
1067;Argentina;Los Juríes;;;;;;;;;
1068;Argentina;Las Palmas;;;;;;;;;
1071;Colombia;Codazzi;;;;;;;;;
1072;Colombia;Santa Marta;;;;;;;;;
1073;Colombia;Santa Marta;;;;;;;;;
1074;Colombia;Facatativá;;;;;;;;;
1075;Colombia;Barrancabermeja;;;;;;;;;
1076;Colombia;San Carlos de Guaroa;;;;;;;;;
1079;Peru;Piura;;;;;;;;;
1083;Peru;Nazca;;;;;;;;;
1084;Peru;Huarochiri;;;;;;;;;
1085;Peru;Pucallpa;;;;;;;;;
1086;Peru;Loreto;;;;;;;;;
1088;Angola;Angola;;;;;;;;;
1089;Angola;Caala;;;;;;;;;
1094;Angola;Cuanza Norte Province;;;;;;;;;
1096;Angola;Bimbas do Cavaco;;;;;;;;;
1097;Angola;Angola;;;;;;;;;
1098;Angola;Cacuso;;;;;;;;;
1099;Angola;Uige;;;;;;;;;
1101;Angola;Bengo;;;;;;;;;
1102;Angola;Cuanza Sul Province;;;;;;;;;
1103;Angola;Cunene;;;;;;;;;
1107;Benin;Zogbodomey;;;;;;;;;
1113;Benin;Savè;;;;;;;;;
1115;Benin;Ouesse;;;;;;;;;
1117;Benin;ZAKPO;;;;;;;;;
1118;Benin;Zogbodomey;;;;;;;;;
1119;Benin;Tchaourou;;;;;;;;;
1120;Benin;Benin;;;;;;;;;
1130;Côte d'Ivoire;EHANIA;;;;;;;;;
1131;Côte d'Ivoire;Dimbokro;;;;;;;;;
1140;Cameroon;Nanga-Eboko;;;;;;;;;
1141;Cameroon;Nkoteng;;;;;;;;;
1142;Cameroon;South Region;;;;;;;;;
1151;Cameroon;Dibombari;;;;;;;;;
1157;Cameroon;Littoral Region;;;;;;;;;
1159;Cameroon;Ndian;;;;;;;;;
1164;Congo;Niari;;;;;;;;;
1165;Congo;Etoumbi;;;;;;;;;
1166;Congo;Manga;;;;;;;;;
1167;Congo;Niari;;;;;;;;;
1172;Egypt;Toshka;;;;;;;;;
1173;Egypt;Sharq al Owainat;;;;;;;;;
1174;Egypt;Western Desert;;;;;;;;;
1175;Egypt;Luxor;;;;;;;;;
1181;Egypt;Toshka;;;;;;;;;
1187;Ethiopia;Bale;;;;;;;;;
1189;Ethiopia;Oromia;;;;;;;;;
1192;Ethiopia;Arsi;;;;;;;;;
1193;Ethiopia;Amhara;;;;;;;;;
1194;Ethiopia;Jimma;;;;;;;;;
1195;Ethiopia;Afar;;;;;;;;;
1196;Ethiopia;Āsosa;;;;;;;;;
1197;Ethiopia;Metekel;;;;;;;;;
1198;Ethiopia;Metekel;;;;;;;;;
1201;Ethiopia;Metekel;;;;;;;;;
1202;Ethiopia;Gambella;;;;;;;;;
1204;Ethiopia;Oromia;;;;;;;;;
1205;Ethiopia;Gambella;;;;;;;;;
1208;Ethiopia;Bako;;;;;;;;;
1215;Ethiopia;Anno;;;;;;;;;
1217;Ethiopia;Oromia;;;;;;;;;
1218;Ethiopia;Bandira;;;;;;;;;
1221;Ethiopia;Gambela;;;;;;;;;
1222;Ethiopia;Borena;;;;;;;;;
1228;Ethiopia;Soddo;;;;;;;;;
1230;Ethiopia;Omo;;;;;;;;;
1233;Ethiopia;Illubabor;;;;;;;;;
1241;Ethiopia;Bench Maji;;;;;;;;;
1242;Ethiopia;Guba;;;;;;;;;
1244;Ethiopia;Abobo;;;;;;;;;
1246;Ethiopia;Jimma;;;;;;;;;
1250;Ethiopia;Gambela;;;;;;;;;
1252;Ethiopia;Benishangul-Gumuz Region;;;;;;;;;
1255;Ethiopia;Southern Nations;;;;;;;;;
1264;Ethiopia;Oromia;;;;;;;;;
1265;Ethiopia;Southern Nations;;;;;;;;;
1266;Ethiopia;Southern Nations;;;;;;;;;
1267;Ethiopia;Oromia;;;;;;;;;
1268;Ethiopia;Southern Nations;;;;;;;;;
1271;Ethiopia;Southern Nations;;;;;;;;;
1272;Ethiopia;Mehoni;;;;;;;;;
1274;Ethiopia;Somali;;;;;;;;;
1276;Ethiopia;Ethiopia;;;;;;;;;
1278;Ethiopia;East Hararghe;;;;;;;;;
1283;Ethiopia;Amhara;;;;;;;;;
1285;Ethiopia;Oromia;;;;;;;;;
1287;Ethiopia;Amhara;;;;;;;;;
1288;Ethiopia;Ethiopia;;;;;;;;;
1290;Ethiopia;Oromia;;;;;;;;;
1292;Ethiopia;Ethiopia;;;;;;;;;
1293;Ethiopia;Oromia;;;;;;;;;
1297;Ethiopia;Bale;;;;;;;;;
1298;Ethiopia;Ethiopia;;;;;;;;;
1301;Ethiopia;Southern Nations;;;;;;;;;
1302;Ethiopia;Omo;;;;;;;;;
1303;Ethiopia;Godere;;;;;;;;;
1304;Ethiopia;Dangur;;;;;;;;;
1305;Ethiopia;Arjo;;;;;;;;;
1306;Ethiopia;Dima;;;;;;;;;
1308;Ethiopia;Metekel;;;;;;;;;
1312;Ethiopia;Oromia;;;;;;;;;
1318;Ethiopia;Southern Nations;;;;;;;;;
1319;Ethiopia;Oromia;;;;;;;;;
1321;Ethiopia;Ziway;;;;;;;;;
1322;Ghana;Yeji;;;;;;;;;
1323;Ghana;Volta Region;;;;;;;;;
1324;Ghana;Nsuta;;;;;;;;;
1330;Ghana;Prang;;;;;;;;;
1334;Ghana;Brong Ahafo;;;;;;;;;
1337;Ghana;Sege;;;;;;;;;
1338;Ghana;Brong Ahafo;;;;;;;;;
1339;Ghana;Mankessim;;;;;;;;;
1348;Ghana;Volta;;;;;;;;;
1350;Ghana;Sunyani;;;;;;;;;
1358;Guinea;Ndema;;;;;;;;;
1359;Guinea;Saraya;;;;;;;;;
1360;Guinea;Guinea;;;;;;;;;
1362;Kenya;Ndhiwa;;;;;;;;;
1363;Kenya;Garsen;;;;;;;;;
1365;Kenya;Tana River;;;;;;;;;
1367;Kenya;Ngong;;;;;;;;;
1368;Kenya;Naivasha;;;;;;;;;
1369;Kenya;Kenya;;;;;;;;;
1371;Kenya;Garsen;;;;;;;;;
1373;Kenya;Tana River;;;;;;;;;
1374;Kenya;Yala Swamp;;;;;;;;;
1377;Kenya;Kenya;;;;;;;;;
1378;Kenya;Kenya;;;;;;;;;
1383;Kenya;Tana River;;;;;;;;;
1385;Kenya;Kenya;;;;;;;;;
1386;Kenya;Tana River;;;;;;;;;
1388;Liberia;Bomi;;;;;;;;;
1391;Liberia;Maryland;;;;;;;;;
1392;Liberia;Gbarpolu;;;;;;;;;
1393;Liberia;Grand Bassa;;;;;;;;;
1395;Liberia;Sinoe;;;;;;;;;
1396;Liberia;Butaw;;;;;;;;;
1397;Liberia;Foya;;;;;;;;;
1399;Libya;Khadra';;;;;;;;;
1402;Morocco;Morocco;;;;;;;;;
1405;Morocco;M'diq 93200;;;;;;;;;
1407;Morocco;Guelmim;;;;;;;;;
1411;Madagascar;Boeny;;;;;;;;;
1412;Madagascar;Moramanga;;;;;;;;;
1414;Madagascar;Atsimo-Andrefana;;;;;;;;;
1415;Madagascar;Atsimo;;;;;;;;;
1419;Madagascar;Farihy Amboromalandy;;;;;;;;;
1421;Madagascar;Boeny;;;;;;;;;
1422;Madagascar;Moramanga;;;;;;;;;
1424;Madagascar;Antisiranana;;;;;;;;;
1425;Madagascar;Haute Matsiatra;;;;;;;;;
1426;Madagascar;Boeny;;;;;;;;;
1428;Madagascar;Ihorombe;;;;;;;;;
1429;Madagascar;Sava;;;;;;;;;
1430;Madagascar;Mampikony;;;;;;;;;
1431;Madagascar;Menabe;;;;;;;;;
1434;Madagascar;Boeny;;;;;;;;;
1436;Madagascar;Analamanga;;;;;;;;;
1437;Madagascar;Bongolava;;;;;;;;;
1438;Madagascar;Betsiboka;;;;;;;;;
1440;Madagascar;Brickaville;;;;;;;;;
1441;Madagascar;Menabe;;;;;;;;;
1445;Madagascar;Atsinanana;;;;;;;;;
1446;Madagascar;Atsimo-Andrefana;;;;;;;;;
1447;Madagascar;Boeny;;;;;;;;;
1452;Madagascar;Atsinanana;;;;;;;;;
1454;Madagascar;Ihosy;;;;;;;;;
1457;Madagascar;Sofia;;;;;;;;;
1458;Madagascar;Sofia;;;;;;;;;
1459;Madagascar;Boeny;;;;;;;;;
1462;Madagascar;Atsimo-Andrefana;;;;;;;;;
1463;Mali;Niger;;;;;;;;;
1464;Mali;Bougouni;;;;;;;;;
1467;Mali;Canal du Sahel;;;;;;;;;
1468;Mali;Niger;;;;;;;;;
1469;Mali;Niger;;;;;;;;;
1473;Mali;Mema;;;;;;;;;
1474;Mali;Macina;;;;;;;;;
1476;Mali;Niger;;;;;;;;;
1478;Mali;Koulikoro;;;;;;;;;
1480;Mali;Niger;;;;;;;;;
1481;Mali;Alatona;;;;;;;;;
1486;Mali;Yanfolila;;;;;;;;;
1488;Mali;Niger;;;;;;;;;
1489;Mali;Niger;;;;;;;;;
1491;Mali;Niger;;;;;;;;;
1492;Mali;Niger;;;;;;;;;
1498;Mali;Markala;;;;;;;;;
1499;Mali;Kouroumari;;;;;;;;;
1500;Mali;Niger;;;;;;;;;
1505;Mali;Niger;;;;;;;;;
1511;Mali;Sabalibougou;;;;;;;;;
1515;Mali;Mali;;;;;;;;;
1516;Mali;Macina;;;;;;;;;
1518;Mali;Kala;;;;;;;;;
1523;Mozambique;Mavonde;;;;;;;;;
1524;Mozambique;Lichinga;;;;;;;;;
1525;Mozambique;Manica;;;;;;;;;
1526;Mozambique;Bilene;;;;;;;;;
1527;Mozambique;Maxixe;;;;;;;;;
1528;Mozambique;Palmeiras;;;;;;;;;
1529;Mozambique;Dondo;;;;;;;;;
1538;Mozambique;Quelimane;;;;;;;;;
1543;Mozambique;Moamba;;;;;;;;;
1545;Mozambique;Monte Messangulo;;;;;;;;;
1546;Mozambique;Mocuba;;;;;;;;;
1547;Mozambique;Namarroi;;;;;;;;;
1548;Mozambique;Nacala;;;;;;;;;
1554;Mozambique;Inhambane;;;;;;;;;
1559;Mozambique;Maputo;;;;;;;;;
1562;Mozambique;Bela Vista;;;;;;;;;
1563;Mozambique;Lugela;;;;;;;;;
1564;Mozambique;Cheringoma;;;;;;;;;
1565;Mozambique;Moamba;;;;;;;;;
1570;Mozambique;Nampula;;;;;;;;;
1571;Mozambique;Ile;;;;;;;;;
1572;Mozambique;Lioma;;;;;;;;;
1575;Mozambique;Grudja;;;;;;;;;
1577;Mozambique;Grudja;;;;;;;;;
1578;Mozambique;Moamba;;;;;;;;;
1585;Mozambique;Maputo;;;;;;;;;
1586;Mozambique;Manica;;;;;;;;;
1588;Mozambique;Gurue;;;;;;;;;
1589;Mozambique;Maputo;;;;;;;;;
1590;Mozambique;Maputo;;;;;;;;;
1592;Mozambique;Maputo;;;;;;;;;
1593;Mozambique;Maputo;;;;;;;;;
1595;Mozambique;Gaza Province;;;;;;;;;
1596;Mozambique;Gaza Province;;;;;;;;;
1597;Mozambique;Gaza Province;;;;;;;;;
1598;Mozambique;Gaza Province;;;;;;;;;
1599;Mozambique;Gaza Province;;;;;;;;;
1600;Mozambique;Gaza Province;;;;;;;;;
1601;Mozambique;Gaza Province;;;;;;;;;
1602;Mozambique;Gaza Province;;;;;;;;;
1603;Mozambique;Jofane;;;;;;;;;
1604;Mozambique;Inhambane;;;;;;;;;
1605;Mozambique;Inhambane;;;;;;;;;
1606;Mozambique;Inhambane;;;;;;;;;
1607;Mozambique;Buzi;;;;;;;;;
1609;Mozambique;Sofala;;;;;;;;;
1610;Mozambique;Sofala;;;;;;;;;
1611;Mozambique;Manica;;;;;;;;;
1612;Mozambique;Manica;;;;;;;;;
1613;Mozambique;Dombe;;;;;;;;;
1614;Mozambique;Manica;;;;;;;;;
1616;Mozambique;Zambezia Province;;;;;;;;;
1620;Mozambique;Zambezia Province;;;;;;;;;
1623;Mozambique;Nampula;;;;;;;;;
1624;Mozambique;Malema;;;;;;;;;
1625;Mozambique;Nampula;;;;;;;;;
1628;Mozambique;Niassa;;;;;;;;;
1629;Mozambique;Cabo Delgado;;;;;;;;;
1630;Mozambique;Meluco;;;;;;;;;
1631;Mozambique;Cabo Delgado;;;;;;;;;
1633;Mozambique;Cabo Delgado;;;;;;;;;
1634;Mozambique;Nampula;;;;;;;;;
1637;Mauritania;Rosso;;;;;;;;;
1639;Mauritania;Bogué;;;;;;;;;
1644;Malawi;Malawi;;;;;;;;;
1645;Malawi;Malawi;;;;;;;;;
1647;Malawi;Mzimba;;;;;;;;;
1648;Malawi;Malawi;;;;;;;;;
1652;Namibia;Naute;;;;;;;;;
1653;Namibia;DIvundu;;;;;;;;;
1656;Namibia;Caprivi;;;;;;;;;
1659;Niger;Gaya;;;;;;;;;
1662;Niger;Tchin-Tabaradene;;;;;;;;;
1666;Nigeria;Katsina;;;;;;;;;
1669;Nigeria;Akwa Ibom;;;;;;;;;
1673;Nigeria;Edo;;;;;;;;;
1675;Nigeria;Nigeria;;;;;;;;;
1679;Nigeria;Abia;;;;;;;;;
1680;Nigeria;Rivers;;;;;;;;;
1683;Nigeria;Shonga;;;;;;;;;
1684;Nigeria;Nasarawa;;;;;;;;;
1685;Nigeria;Bode Sadu;;;;;;;;;
1687;Nigeria;Oye Local Government Area;;;;;;;;;
1688;Nigeria;Tsaragi;;;;;;;;;
1690;Nigeria;Ilorin;;;;;;;;;
1691;Nigeria;Kwara;;;;;;;;;
1693;Nigeria;Iwo;;;;;;;;;
1694;Nigeria;Okuta;;;;;;;;;
1695;Nigeria;Patigi;;;;;;;;;
1696;Nigeria;Patigi;;;;;;;;;
1698;Nigeria;Kwara;;;;;;;;;
1699;Nigeria;Agbeyangi;;;;;;;;;
1701;Nigeria;Shao;;;;;;;;;
1702;Nigeria;Kwara;;;;;;;;;
1703;Nigeria;Kwara;;;;;;;;;
1706;Nigeria;Anambra;;;;;;;;;
1715;Rwanda;Foret Naturelle de Nyungwe;;;;;;;;;
1716;Rwanda;Eastern Province;;;;;;;;;
1719;Sudan;Khartoum;;;;;;;;;
1721;Sudan;Berber;;;;;;;;;
1723;Sudan;Khartoum;;;;;;;;;
1725;Sudan;Sudan;;;;;;;;;
1727;Sudan;Nile;;;;;;;;;
1730;Sudan;Khartoum;;;;;;;;;
1732;Sudan;Al Jazirah;;;;;;;;;
1742;South Sudan;Pariang;;;;;;;;;
1744;South Sudan;Mayom;;;;;;;;;
1745;South Sudan;Aweil;;;;;;;;;
1747;South Sudan;Jur;;;;;;;;;
1748;South Sudan;Al-Buhayrat;;;;;;;;;
1749;South Sudan;Jonglei;;;;;;;;;
1750;South Sudan;Kapoeta;;;;;;;;;
1751;South Sudan;Ikotos;;;;;;;;;
1752;South Sudan;Nzara;;;;;;;;;
1753;South Sudan;Yambio;;;;;;;;;
1754;South Sudan;Ezo;;;;;;;;;
1755;South Sudan;Nzara;;;;;;;;;
1756;South Sudan;Yambio;;;;;;;;;
1757;South Sudan;Lanya;;;;;;;;;
1760;South Sudan;Yei;;;;;;;;;
1761;South Sudan;Jabal Lado;;;;;;;;;
1765;Senegal;Lac de Guiers;;;;;;;;;
1766;Senegal;Kounkane;;;;;;;;;
1767;Senegal;Podor;;;;;;;;;
1769;Senegal;Vallee du Senegal;;;;;;;;;
1772;Senegal;Dagana;;;;;;;;;
1777;Senegal;Makhana;;;;;;;;;
1781;Senegal;Velingara;;;;;;;;;
1788;Senegal;Rufisque;;;;;;;;;
1791;Senegal;Linguere;;;;;;;;;
1794;Senegal;Delta du Saloum National Park;;;;;;;;;
1795;Senegal;Gandon;;;;;;;;;
1797;Senegal;Senegal;;;;;;;;;
1798;Sierra Leone;Gbanti;;;;;;;;;
1800;Sierra Leone;Sierra Leone;;;;;;;;;
1801;Sierra Leone;Sierra Leone;;;;;;;;;
1802;Sierra Leone;Sierra Leone;;;;;;;;;
1809;Sierra Leone;Kono;;;;;;;;;
1810;Sierra Leone;Tonkolili;;;;;;;;;
1811;Sierra Leone;Sierra Leone;;;;;;;;;
1812;Sierra Leone;Tonkolili;;;;;;;;;
1817;Sierra Leone;Daru;;;;;;;;;
1820;Sierra Leone;Masimera;;;;;;;;;
1827;Swaziland;MR9;;;;;;;;;
1831;Swaziland;Manzini;;;;;;;;;
1837;United Republic of Tanzania;Kilimanjaro;;;;;;;;;
1839;United Republic of Tanzania;Mngeta;;;;;;;;;
1840;United Republic of Tanzania;Bagamoyo;;;;;;;;;
1843;United Republic of Tanzania;Rufiji River;;;;;;;;;
1846;United Republic of Tanzania;Kisarawe;;;;;;;;;
1854;United Republic of Tanzania;Ikwiriri;;;;;;;;;
1862;United Republic of Tanzania;Rufiji River;;;;;;;;;
1863;United Republic of Tanzania;Tanzania;;;;;;;;;
1865;United Republic of Tanzania;Rufiji River;;;;;;;;;
1866;United Republic of Tanzania;Nainokwe;;;;;;;;;
1872;United Republic of Tanzania;Kigoma;;;;;;;;;
1874;United Republic of Tanzania;Kagera;;;;;;;;;
1875;United Republic of Tanzania;Rufiji River;;;;;;;;;
1876;United Republic of Tanzania;Iringa;;;;;;;;;
1877;United Republic of Tanzania;Lindi;;;;;;;;;
1878;United Republic of Tanzania;Bagamoyo;;;;;;;;;
1879;United Republic of Tanzania;Bagamoyo;;;;;;;;;
1880;United Republic of Tanzania;Dodoma;;;;;;;;;
1883;United Republic of Tanzania;Moshi;;;;;;;;;
1886;United Republic of Tanzania;Bagamoyo;;;;;;;;;
1889;United Republic of Tanzania;Mbarali River;;;;;;;;;
1894;United Republic of Tanzania;Mofu;;;;;;;;;
1895;United Republic of Tanzania;Bagamoyo;;;;;;;;;
1898;United Republic of Tanzania;Tanzania;;;;;;;;;
1902;United Republic of Tanzania;Lugufu;;;;;;;;;
1909;United Republic of Tanzania;Bukoba;;;;;;;;;
1916;United Republic of Tanzania;Bahi;;;;;;;;;
1917;United Republic of Tanzania;Bagamoyo;;;;;;;;;
1938;United Republic of Tanzania;Iringa;;;;;;;;;
1948;United Republic of Tanzania;Tanga;;;;;;;;;
1950;Uganda;Uganda;;;;;;;;;
1952;Uganda;Labora;;;;;;;;;
1958;Uganda;Mabira;;;;;;;;;
1962;Uganda;Kijunjubwa Road;;;;;;;;;
1963;Uganda;Mubende;;;;;;;;;
1973;Uganda;Uganda;;;;;;;;;
1976;Uganda;Kalanga;;;;;;;;;
1978;Uganda;Nakaseke;;;;;;;;;
1982;South Africa;KwaZulu;;;;;;;;;
1984;Democratic Republic of the Congo;Equator;;;;;;;;;
1992;Democratic Republic of the Congo;Lubanda;;;;;;;;;
1997;Democratic Republic of the Congo;Bandundu;;;;;;;;;
1999;Democratic Republic of the Congo;Yaligimba;;;;;;;;;
2006;Democratic Republic of the Congo;Bas Congo;;;;;;;;;
2020;Zambia;Lusaka;;;;;;;;;
2021;Zambia;Serenje;;;;;;;;;
2022;Zambia;Serenje;;;;;;;;;
2024;Zambia;Choma;;;;;;;;;
2033;Zambia;Mpongwe;;;;;;;;;
2039;Zambia;Kasama;;;;;;;;;
2041;Zambia;Mkushi;;;;;;;;;
2044;Zambia;Kabwe;;;;;;;;;
2047;Zambia;Choma;;;;;;;;;
2050;Zambia;Victoria Falls;;;;;;;;;
2053;Zambia;Mkushi;;;;;;;;;
2055;Zambia;Zambia;;;;;;;;;
2056;Zambia;North-Western;;;;;;;;;
2057;Zambia;Kazungula;;;;;;;;;
2059;Zimbabwe;Nuanetsi;;;;;;;;;
2061;Zimbabwe;Bubye;;;;;;;;;
2062;Zimbabwe;Masvingo;;;;;;;;;
2064;Brazil;Rondonia;;;;;;;;;
2065;Brazil;Rondonia;;;;;;;;;
2066;Brazil;Rondonia;;;;;;;;;
2067;Brazil;Pará;;;;;;;;;
2068;Brazil;Oriximiná - Pará;;;;;;;;;
2069;Brazil;Portel;;;;;;;;;
2172;Brazil;Rondonópolis;;;;;;;;;
2174;Brazil;Querência;;;;;;;;;
2175;Brazil;Querência - Mato Grosso;;;;;;;;;
2176;Brazil;Mato Grosso;;;;;;;;;
2178;Brazil;Santarém - Pará;;;;;;;;;
2179;Brazil;Pará;;;;;;;;;
2180;Brazil;Belém - Pará;;;;;;;;;
2181;Brazil;Belém - Pará;;;;;;;;;
2182;Brazil;west State of Bahia;;;;;;;;;
2183;Brazil;State of Espírito Santo;;;;;;;;;
2198;South Sudan;Pibor;;;;;;;;;
2213;Algeria;Algeria;;;;;;;;;
2236;Gabon;Kango;;;;;;;;;
2237;Ghana;Yendi;;;;;;;;;
2241;Ghana;Agogo;;;;;;;;;
2242;Ghana;Ghana;;;;;;;;;
2253;Madagascar;Melaky;;;;;;;;;
2254;Madagascar;Sava;;;;;;;;;
2255;Madagascar;Sofia;;;;;;;;;
2256;Madagascar;Bongolava;;;;;;;;;
2257;Madagascar;Antsohihy;;;;;;;;;
2258;Madagascar;Boeny;;;;;;;;;
2259;Madagascar;Boeny;;;;;;;;;
2265;Madagascar;Alaotra-Mangoro;;;;;;;;;
2266;Madagascar;Analamanga;;;;;;;;;
2269;Mali;Niger;;;;;;;;;
2271;Mozambique;Chimoio;;;;;;;;;
2275;Mozambique;Dombe;;;;;;;;;
2276;Mozambique;Marracuene;;;;;;;;;
2282;Mozambique;Marracuene;;;;;;;;;
2283;Mozambique;Cabo Delgado;;;;;;;;;
2286;Mozambique;Chemba;;;;;;;;;
2289;Mauritius;Cluny;;;;;;;;;
2290;Mauritius;Mauritius;;;;;;;;;
2293;Sudan;Al Dabbah;;;;;;;;;
2296;Sudan;Al Jazirah;;;;;;;;;
2297;Sudan;Merowe;;;;;;;;;
2299;Sudan;Sudan;;;;;;;;;
2309;South Sudan;Central Equatoria;;;;;;;;;
2313;Sudan;Abu Hamad;;;;;;;;;
2319;Sudan;Sennar;;;;;;;;;
2323;Sudan;Nile;;;;;;;;;
2326;Sudan;Nile;;;;;;;;;
2331;Sudan;Sudan;;;;;;;;;
2332;Sudan;Wad Rawah;;;;;;;;;
2335;Sudan;Blue Nile;;;;;;;;;
2337;Sudan;Ad Douiem;;;;;;;;;
2340;Sudan;Al Jazirah;;;;;;;;;
2342;Sudan;Kosti;;;;;;;;;
2352;Sudan;Rabak;;;;;;;;;
2353;Sudan;White Nile;;;;;;;;;
2362;United Republic of Tanzania;Tanzania;;;;;;;;;
2369;South Africa;Mpumalanga;;;;;;;;;
2371;Sierra Leone;Saba;;;;;;;;;
2372;Sierra Leone;Pujehun;;;;;;;;;
2373;Mozambique;Niassa;;;;;;;;;
2375;Mozambique;Niassa;;;;;;;;;
2376;Mozambique;Niassa;;;;;;;;;
2377;Mozambique;Zambezia Province;;;;;;;;;
2378;Mozambique;Zambezia Province;;;;;;;;;
2379;Mozambique;Zambezia Province;;;;;;;;;
2381;Mozambique;Manica;;;;;;;;;
2382;Mozambique;Sofala;;;;;;;;;
2383;Mozambique;Condué;;;;;;;;;
2385;Mozambique;Chokwe;;;;;;;;;
2386;Mozambique;Limpopo National Park;;;;;;;;;
2387;Mozambique;Gaza Province;;;;;;;;;
2388;Mozambique;Malvernia;;;;;;;;;
2389;Mozambique;Gaza Province;;;;;;;;;
2390;Mozambique;Gaza Province;;;;;;;;;
2391;Mozambique;Inhambane;;;;;;;;;
2392;Mozambique;Maputo;;;;;;;;;
2398;United Republic of Tanzania;Rufiji River;;;;;;;;;
2399;United Republic of Tanzania;Rufiji River;;;;;;;;;
2400;Zambia;Serenje;;;;;;;;;
2401;Zambia;Serenje;;;;;;;;;
3003;Sierra Leone;Masimera;;;;;;;;;
3005;Sierra Leone;Port Loko;;;;;;;;;
3006;Sierra Leone;Marampa;;;;;;;;;
3008;Sierra Leone;Tonkolili;;;;;;;;;
3013;Sierra Leone;Tonkolili;;;;;;;;;
3014;Sierra Leone;Bureh Town;;;;;;;;;
3015;Sierra Leone;Bombali;;;;;;;;;
3016;Sierra Leone;Pujehun;;;;;;;;;
3017;Uganda;Mubende;;;;;;;;;
3021;United Republic of Tanzania;Kilombero;;;;;;;;;
3022;Mozambique;Massingir;;;;;;;;;
3023;Mozambique;Chimoio;;;;;;;;;
3024;Mozambique;Monapo;;;;;;;;;
3025;Mozambique;Lugela;;;;;;;;;
3026;Mozambique;Papai;;;;;;;;;
3027;Mozambique;Marrupa;;;;;;;;;
3028;Mozambique;Barue;;;;;;;;;
3029;Mozambique;Marracuene;;;;;;;;;
3030;Mozambique;Mopeia;;;;;;;;;
3031;Mozambique;Malanga;;;;;;;;;
3032;Mozambique;Mutarara;;;;;;;;;
3033;Mozambique;Caia;;;;;;;;;
3034;Mozambique;Xai-Xai District;;;;;;;;;
3035;Mozambique;Guija;;;;;;;;;
3036;Mozambique;Milange;;;;;;;;;
3037;Mozambique;Gurue;;;;;;;;;
3038;Mozambique;Gurue;;;;;;;;;
3039;Mozambique;Meconta;;;;;;;;;
3040;Mozambique;Caia;;;;;;;;;
3041;Mozambique;Gurue;;;;;;;;;
3055;Brazil;Osório;;;;;;;;;
3074;Nigeria;Akamkpa;;;;;;;;;
3075;Nigeria;Edo;;;;;;;;;
3079;Nigeria;Ologbo Bridge;;;;;;;;;
3084;Angola;Cuito Cuanavale;;;;;;;;;
3106;Colombia;Puerto López;;;;;;;;;
3107;Colombia;Meta;;;;;;;;;
3109;Colombia;Mapiripán;;;;;;;;;
3110;Colombia;Puerto Gaitán;;;;;;;;;
3112;Colombia;Antioquia;;;;;;;;;
3118;Colombia;Cauca;;;;;;;;;
3119;Colombia;Cauca;;;;;;;;;
3121;Colombia;Pivijay;;;;;;;;;
3123;Zambia;Mpika;;;;;;;;;
3125;Zambia;Mpongwe;;;;;;;;;
3126;Zambia;Lusaka;;;;;;;;;
3150;Vietnam;tp. Phan Thiết;;;;;;;;;
3152;Uganda;Uganda;;;;;;;;;
3154;Uganda;Central Region;;;;;;;;;
3156;Uganda;Kachung;;;;;;;;;
3161;United Republic of Tanzania;Tanzania;;;;;;;;;
3162;United Republic of Tanzania;Tanzania;;;;;;;;;
3164;United Republic of Tanzania;Morogoro;;;;;;;;;
3166;United Republic of Tanzania;Kasulu;;;;;;;;;
3167;Swaziland;Lavumisa;;;;;;;;;
3169;Myanmar;Myeik;;;;;;;;;
3170;Myanmar;Maw Tin Son Pagoda;;;;;;;;;
3174;Papua New Guinea;Popondetta;;;;;;;;;
3175;South Sudan;Gwit;;;;;;;;;
3176;Papua New Guinea;Milne Bay;;;;;;;;;
3177;Papua New Guinea;Kavieng;;;;;;;;;
3178;Papua New Guinea;Morobe Province;;;;;;;;;
3179;Papua New Guinea;Launakalana Agricultural Station;;;;;;;;;
3183;Georgia;Niederkartlien;;;;;;;;;
3189;Papua New Guinea;Wosera-Gawi;;;;;;;;;
3199;Malaysia;Sarawak;;;;;;;;;
3200;Cameroon;Belo;;;;;;;;;
3202;Cameroon;Southwest;;;;;;;;;
3207;Malaysia;Sarawak;;;;;;;;;
3212;Democratic Republic of the Congo;Democratic Republic of the Congo;;;;;;;;;
3214;Democratic Republic of the Congo;Isangi;;;;;;;;;
3216;Argentina;Pehuajó;;;;;;;;;
3217;Argentina;Villa Cañas;;;;;;;;;
3218;Argentina;Ceres;;;;;;;;;
3228;Malaysia;Perak;;;;;;;;;
3245;Colombia;Magdalena;;;;;;;;;
3248;Peru;Virú;;;;;;;;;
3250;Peru;La Libertad;;;;;;;;;
3252;Peru;Virú;;;;;;;;;
3263;Sudan;Blue Nile;;;;;;;;;
3264;Sudan;White Nile;;;;;;;;;
3265;Sudan;Al Qadarif;;;;;;;;;
3267;Angola;Quibala;;;;;;;;;
3268;Angola;Zaire;;;;;;;;;
3269;Côte d'Ivoire;Ferkessédougou;;;;;;;;;
3270;Côte d'Ivoire;Grand-Lahou;;;;;;;;;
3271;Côte d'Ivoire;Guiglo;;;;;;;;;
3272;Côte d'Ivoire;Ayénoua;;;;;;;;;
3274;Côte d'Ivoire;Côte d'Ivoire;;;;;;;;;
3275;Côte d'Ivoire;Azaguié;;;;;;;;;
3316;Philippines;Mindanao;;;;;;;;;
3317;Philippines;Mindanao;;;;;;;;;
3318;Philippines;Luzon;;;;;;;;;
3320;South Sudan;Tonj;;;;;;;;;
3321;South Sudan;Gogrial;;;;;;;;;
3322;South Sudan;Gogrial;;;;;;;;;
3327;Mali;Niger;;;;;;;;;
3330;India;Mulapeta;;;;;;;;;
3331;India;Dronagiri;;;;;;;;;
3333;Namibia;Sibbinda;;;;;;;;;
3334;Madagascar;Diana;;;;;;;;;
3336;Madagascar;Tsinjoarivo;;;;;;;;;
3338;Madagascar;Betsiboka;;;;;;;;;
3339;Madagascar;Atsinanana;;;;;;;;;
3340;Madagascar;Atsinanana;;;;;;;;;
3341;Ethiopia;Abderafi;;;;;;;;;
3342;Ethiopia;Oromia;;;;;;;;;
3345;Gabon;Franceville;;;;;;;;;
3346;Ethiopia;Southern Nations;;;;;;;;;
3348;Ethiopia;Dangla;;;;;;;;;
3349;Gambia;Banjul;;;;;;;;;
3350;Ethiopia;Shashemene;;;;;;;;;
3352;Gabon;Bitam;;;;;;;;;
3354;Ethiopia;Gondar;;;;;;;;;
3355;Ethiopia;Afar;;;;;;;;;
3357;Ethiopia;Amhara;;;;;;;;;
3358;Ethiopia;Southern Nations;;;;;;;;;
3360;Ethiopia;Ethiopia;;;;;;;;;
3361;Kenya;Kenya;;;;;;;;;
3362;Kenya;Malindi;;;;;;;;;
3363;Ethiopia;Tigray;;;;;;;;;
3364;Vietnam;Tay Ninh;;;;;;;;;
3368;Vietnam;Nghĩa Đàn;;;;;;;;;
3370;Indonesia;Toba;;;;;;;;;
3378;Vietnam;Quảng Ninh;;;;;;;;;
3379;Vietnam;Thanh Hoa;;;;;;;;;
3380;Vietnam;Nghe An;;;;;;;;;
3381;Vietnam;Quang Nam Province;;;;;;;;;
3382;Vietnam;Đắk Glei;;;;;;;;;
3389;Ghana;Asubima Forest Reserve;;;;;;;;;
3391;Ghana;Ho;;;;;;;;;
3393;Ghana;Ashanti;;;;;;;;;
3398;Ghana;Yeji;;;;;;;;;
3399;Ghana;Lake Volta;;;;;;;;;
3400;Indonesia;Pohuwato Regency;;;;;;;;;
3402;Indonesia;Kalimantan;;;;;;;;;
3403;Congo;Mengo;;;;;;;;;
3404;Ghana;Agogo;;;;;;;;;
3407;Cambodia;San Dann district;;;;;;;;;
3410;Pakistan;Sindh;;;;;;;;;
3413;Cambodia;Chhuk;;;;;;;;;
3414;Cambodia;Kratié;;;;;;;;;
3415;Cambodia;Kratié;;;;;;;;;
3416;Cambodia;Kratié;;;;;;;;;
3418;Cambodia;Mondol Kiri;;;;;;;;;
3419;Cambodia;Romonea;;;;;;;;;
3420;Cambodia;Chong Plas commune;;;;;;;;;
3421;Cambodia;Roya commune;;;;;;;;;
3422;Cambodia;Kach Nheaek district;;;;;;;;;
3424;Sierra Leone;Yoni;;;;;;;;;
3425;Ethiopia;Gilo River;;;;;;;;;
3426;Sierra Leone;Sierra Leone;;;;;;;;;
3427;Sierra Leone;Bo;;;;;;;;;
3428;Sierra Leone;Tai;;;;;;;;;
3429;Sierra Leone;Pujehun;;;;;;;;;
3430;Sierra Leone;Tonkolili;;;;;;;;;
3431;Senegal;Anambe;;;;;;;;;
3433;Senegal;Gnit;;;;;;;;;
3434;Indonesia;Sulawesi Selatan;;;;;;;;;
3435;Senegal;Mbane;;;;;;;;;
3436;Senegal;Tambacounda;;;;;;;;;
3437;Senegal;Anambe;;;;;;;;;
3438;Indonesia;Papua;;;;;;;;;
3439;Mozambique;Nampula;;;;;;;;;
3442;Mozambique;Gorongosa;;;;;;;;;
3443;Mozambique;Lioma;;;;;;;;;
3444;Indonesia;Nusa Tenggara Timur;;;;;;;;;
3445;Indonesia;Kalimantan Timur;;;;;;;;;
3447;Liberia;Montserrado;;;;;;;;;
3448;Liberia;River Cess;;;;;;;;;
3449;Liberia;Timbo;;;;;;;;;
3450;Liberia;Grand Gedeh;;;;;;;;;
3451;Liberia;Konobo;;;;;;;;;
3452;Liberia;Grand Gedeh;;;;;;;;;
3456;Liberia;Compound;;;;;;;;;
3458;Liberia;Kakata;;;;;;;;;
3459;Cambodia;Roya commune;;;;;;;;;
3461;Liberia;River Cess;;;;;;;;;
3462;Cambodia;Kach Nheaek district;;;;;;;;;
3463;Liberia;Pleebo;;;;;;;;;
3464;Liberia;Maryland;;;;;;;;;
3465;Nigeria;Gassol;;;;;;;;;
3467;Thailand;Surat Thani;;;;;;;;;
3468;Thailand;Amphoe Phu Ruea;;;;;;;;;
3470;Cambodia;Roveang district;;;;;;;;;
3472;Cambodia;Lak;;;;;;;;;
3474;Cambodia;Malik commune;;;;;;;;;
3475;Cambodia;Ratanakkiri;;;;;;;;;
3476;Cambodia;"Tra Paing Krahorm;Trapaing Chres commune, Khon Mom district, Ratanakiri province";;;;;;;;;
3477;Pakistan;Sindh;;;;;;;;;
3478;Cambodia;Virachey National Park;;;;;;;;;
3479;Cambodia;Ta Veng and Andong Meas district;;;;;;;;;
3480;Malaysia;Gua Musang;;;;;;;;;
3481;Angola;Cubal;;;;;;;;;
3482;Angola;Bengo;;;;;;;;;
3483;Angola;Ambriz;;;;;;;;;
3484;Cambodia;Ta Lav;;;;;;;;;
3486;Cambodia;Kor Ky and Ampel commune;;;;;;;;;
3487;Cambodia;Kraya commune;;;;;;;;;
3488;Cambodia;Ou Treh;;;;;;;;;
3489;Cambodia;Sangkum Thmei district;;;;;;;;;
3490;Cambodia;"Rung Raeung;Dang Kambet;Sandan;Ngan;Romoniy commune, Sandan;Rovieng district, Kampong Thom;Preah Vihear province";;;;;;;;;
3491;Cambodia;Kraya commune;;;;;;;;;
3492;Central African Republic;Ouaka;;;;;;;;;
3494;Cambodia;Lvea Kraing;;;;;;;;;
3495;Cambodia;Sa Kream;;;;;;;;;
3496;Cambodia;Khvav;;;;;;;;;
3497;Indonesia;West Kalimantan;;;;;;;;;
3498;Cambodia;Bak Anlung;;;;;;;;;
3500;Cambodia;Ta Khmao;;;;;;;;;
3501;Indonesia;Republik Indonesien;;;;;;;;;
3502;Cambodia;Sandan;;;;;;;;;
3503;Cambodia;Stoung;;;;;;;;;
3505;Cambodia;Pring Thum;;;;;;;;;
3506;Indonesia;Kalimantan Tengah;;;;;;;;;
3507;Indonesia;Kalimantan Tengah;;;;;;;;;
3508;Cambodia;Svay Chreach;;;;;;;;;
3509;Indonesia;Merauke;;;;;;;;;
3510;Cambodia;Svay Chreah;;;;;;;;;
3511;Indonesia;Merauke;;;;;;;;;
3512;Indonesia;Merauke;;;;;;;;;
3513;Indonesia;Merauke;;;;;;;;;
3514;Indonesia;Merauke;;;;;;;;;
3515;Cambodia;Thlat;;;;;;;;;
3521;Cambodia;"Chamraeun;Sdau;Ronak Ser commune, SongKoum Thmey; Rovieng district, Preah Vihear province";;;;;;;;;
3522;Cambodia;Sro Yong commune;;;;;;;;;
3524;Cambodia;"Ronak Ser;Romtom commune, SongKoum Thmey district, Preah Vihear province";;;;;;;;;
3525;Cambodia;Tasu;;;;;;;;;
3526;Cambodia;Chbaeb Pir;;;;;;;;;
3527;Cambodia;Seda;;;;;;;;;
3528;Cambodia;Rumdaoh;;;;;;;;;
3529;Cambodia;Ream;;;;;;;;;
3530;Cambodia;Ta Siem commune;;;;;;;;;
3531;Cambodia;Ta Veaeng Leu commune;;;;;;;;;
3532;Cambodia;Dak Dam commune;;;;;;;;;
3533;Cambodia;Prame commune;;;;;;;;;
3534;Cambodia;Mlu Prey Muoy;;;;;;;;;
3535;Cambodia;Bon pong;;;;;;;;;
3539;Cambodia;Kraya commune;;;;;;;;;
3548;Indonesia;Merauke;;;;;;;;;
3550;Indonesia;Kalimantan Barat;;;;;;;;;
3551;Malaysia;Limbang;;;;;;;;;
3552;Armenia;Syunik;;;;;;;;;
3553;Cambodia;Kbal Damrei;;;;;;;;;
3554;Cambodia;Siem Bouk;;;;;;;;;
3555;Indonesia;Kalimantan Barat;;;;;;;;;
3556;Papua New Guinea;Neuhannover;;;;;;;;;
3557;Indonesia;Kalimantan Barat;;;;;;;;;
3558;Indonesia;Kalimantan Tengah;;;;;;;;;
3560;Indonesia;Kalimantan Tengah;;;;;;;;;
3561;Indonesia;Kalimantan Tengah;;;;;;;;;
3562;Indonesia;Kalimantan Tengah;;;;;;;;;
3563;Papua New Guinea;Kiunga;;;;;;;;;
3564;Indonesia;Kalimantan Barat;;;;;;;;;
3565;Cambodia;Phnhi Meas;;;;;;;;;
3566;Cambodia;Khsuem commune;;;;;;;;;
3567;Indonesia;Kalimantan Barat;;;;;;;;;
3568;Indonesia;Papua;;;;;;;;;
3569;Indonesia;Papua;;;;;;;;;
3570;Cambodia;Roleak Kang Cheung;;;;;;;;;
3571;Cambodia;Roleak Kang Cheung commune;;;;;;;;;
3572;Indonesia;Okaba;;;;;;;;;
3573;Sudan;Abu Hamad;;;;;;;;;
3574;Sudan;Wadi Halfa;;;;;;;;;
3575;Indonesia;Nanga Tayap;;;;;;;;;
3576;Indonesia;Kalimantan Tengah;;;;;;;;;
3579;Indonesia;Riau;;;;;;;;;
3580;Indonesia;Riau;;;;;;;;;
3581;Indonesia;Sumatera Utara;;;;;;;;;
3582;Indonesia;Kalimantan Tengah;;;;;;;;;
3583;Indonesia;Bangka;;;;;;;;;
3584;Indonesia;Bengkulu;;;;;;;;;
3586;Papua New Guinea;Emirau;;;;;;;;;
3587;Papua New Guinea;Kaut;;;;;;;;;
3590;Papua New Guinea;Sandaun;;;;;;;;;
3591;Papua New Guinea;Gulf;;;;;;;;;
3592;Papua New Guinea;East Sepik Province;;;;;;;;;
3593;China;yuanchalu;;;;;;;;;
3595;Papua New Guinea;Central Province;;;;;;;;;
3596;Pakistan;Karatschi;;;;;;;;;
3597;Indonesia;Sumatera Selatan;;;;;;;;;
3598;Indonesia;Sumatera Selatan;;;;;;;;;
3599;Indonesia;Kalimantan Tengah;;;;;;;;;
3600;Indonesia;Kalimantan Barat;;;;;;;;;
3601;Indonesia;Kalimantan Timur;;;;;;;;;
3602;Indonesia;Kalimantan Timur;;;;;;;;;
3603;Indonesia;Kalimantan Timur;;;;;;;;;
3604;Indonesia;Kalimantan Tengah;;;;;;;;;
3605;Indonesia;Kalimantan Tengah;;;;;;;;;
3606;Indonesia;Aceh;;;;;;;;;
3609;Indonesia;Kalimantan Timur;;;;;;;;;
3610;Indonesia;Kalimantan Timur;;;;;;;;;
3611;Indonesia;Lampung;;;;;;;;;
3612;Indonesia;Pangkatan;;;;;;;;;
3613;Indonesia;Aceh;;;;;;;;;
3614;Indonesia;Kutai Kartanegara;;;;;;;;;
3615;Indonesia;Bangka;;;;;;;;;
3616;Indonesia;Bengkulu;;;;;;;;;
3617;Indonesia;Sumatera Utara;;;;;;;;;
3618;Indonesia;Kiyura Village;;;;;;;;;
3619;Papua New Guinea;Danfu;;;;;;;;;
3620;Papua New Guinea;Kavieng;;;;;;;;;
3621;Papua New Guinea;Kavieng;;;;;;;;;
3622;Papua New Guinea;Kavieng;;;;;;;;;
3623;Papua New Guinea;Central Province;;;;;;;;;
3624;Egypt;Egypt;;;;;;;;;
3626;Papua New Guinea;Kikori;;;;;;;;;
3627;Papua New Guinea;West New Britain Province;;;;;;;;;
3628;Uruguay;Departamento de Río Negro;;;;;;;;;
3629;Uruguay;Sarandí de Navarro;;;;;;;;;
3630;Chile;Puerto Varas;;;;;;;;;
3631;Uruguay;Florida;;;;;;;;;
3632;Uruguay;San Gabriel;;;;;;;;;
3633;Uruguay;San Gabriel;;;;;;;;;
3634;Uruguay;San Gabriel;;;;;;;;;
3636;South Africa;Cape Town;;;;;;;;;
3638;Indonesia;Bulungan;;;;;;;;;
3639;Indonesia;Pelantaran;;;;;;;;;
3640;Indonesia;Penawai;;;;;;;;;
3641;Indonesia;Langgam;;;;;;;;;
3642;Indonesia;Muara Siram;;;;;;;;;
3643;Indonesia;Tebing Tinggi;;;;;;;;;
3644;Indonesia;East Tanjung Palas;;;;;;;;;
3645;Indonesia;Kalimantan Tengah;;;;;;;;;
3646;Indonesia;West Kutai;;;;;;;;;
3647;Indonesia;Bangka;;;;;;;;;
3648;Uruguay;Departamento de Rocha;;;;;;;;;
3649;Uruguay;Departamento de Rocha;;;;;;;;;
3650;Uruguay;Departamento de Rocha;;;;;;;;;
3651;Uruguay;Departamento de Lavalleja;;;;;;;;;
3652;Papua New Guinea;Pomio;;;;;;;;;
3653;Papua New Guinea;Pomio;;;;;;;;;
3654;Papua New Guinea;Pomio;;;;;;;;;
3655;Papua New Guinea;Aitape;;;;;;;;;
3656;Papua New Guinea;Wewak;;;;;;;;;
3657;Papua New Guinea;Pomio;;;;;;;;;
3658;Papua New Guinea;Yule Island;;;;;;;;;
3659;Papua New Guinea;Kandrian-Gloucester District;;;;;;;;;
3660;Indonesia;Jaya Loka;;;;;;;;;
3661;Indonesia;Sumatera Selatan;;;;;;;;;
3662;Indonesia;Musi Rawas;;;;;;;;;
3663;Indonesia;Kalimantan;;;;;;;;;
3664;Papua New Guinea;Kikori;;;;;;;;;
3666;Indonesia;Belitung;;;;;;;;;
3667;Indonesia;Kalimantan Barat;;;;;;;;;
3668;Nicaragua;Bonanza;;;;;;;;;
3674;Indonesia;Kalimantan Timur;;;;;;;;;
3675;Indonesia;Banyuasin;;;;;;;;;
3676;Nigeria;Akwa Ibom;;;;;;;;;
3677;Indonesia;Pontianak;;;;;;;;;
3678;Indonesia;Kalimantan Tengah;;;;;;;;;
3679;Papua New Guinea;Vanimo;;;;;;;;;
3680;Papua New Guinea;Western Province;;;;;;;;;
3681;Papua New Guinea;Western Province;;;;;;;;;
3682;Papua New Guinea;Western Province;;;;;;;;;
3683;Papua New Guinea;Western Province;;;;;;;;;
3684;Papua New Guinea;Western Province;;;;;;;;;
3687;Papua New Guinea;Pomio;;;;;;;;;
3706;Papua New Guinea;Gazelle Peninsula;;;;;;;;;
3707;Papua New Guinea;Vanimo;;;;;;;;;
3708;Papua New Guinea;Kiunga;;;;;;;;;
3709;Papua New Guinea;Vanimo;;;;;;;;;
3710;Papua New Guinea;Vanimo;;;;;;;;;
3711;Papua New Guinea;Bogia;;;;;;;;;
3712;Indonesia;Sumatera Utara;;;;;;;;;
3713;Indonesia;Sumatra;;;;;;;;;
3714;Indonesia;Sumatera Utara;;;;;;;;;
3715;Indonesia;Lubuk Linggau;;;;;;;;;
3716;Papua New Guinea;Gulf;;;;;;;;;
3717;Indonesia;Musi Rawas;;;;;;;;;
3718;Indonesia;Musi Rawas;;;;;;;;;
3719;Papua New Guinea;Oro;;;;;;;;;
3720;Papua New Guinea;Tufi;;;;;;;;;
3725;Philippines;Negros Occidental;;;;;;;;;
3726;Philippines;Kibawe;;;;;;;;;
3727;Uruguay;Cerro Largo;;;;;;;;;
3728;Uruguay;Flores;;;;;;;;;
3729;Uruguay;Flores;;;;;;;;;
3730;Cameroon;Cameroon;;;;;;;;;
3731;Cameroon;Ocean;;;;;;;;;
3732;Cameroon;Nkam;;;;;;;;;
3733;Central African Republic;Pissa;;;;;;;;;
3734;Congo;Cuvette;;;;;;;;;
3735;Gabon;Nkok;;;;;;;;;
3736;Gabon;Gabon;;;;;;;;;
3738;Democratic Republic of the Congo;Kinshasa;;;;;;;;;
3739;Zambia;Nakonde;;;;;;;;;
3740;Papua New Guinea;Lae;;;;;;;;;
3747;Democratic Republic of the Congo;Brabanta;;;;;;;;;
3748;Nicaragua;Puerto Morazán;;;;;;;;;
3749;Ethiopia;Gambella;;;;;;;;;
3750;Ethiopia;Gewana;;;;;;;;;
3751;Ethiopia;Ethiopia;;;;;;;;;
3752;Myanmar;Palaung Taung;;;;;;;;;
3753;Ethiopia;Southern Nations;;;;;;;;;
3754;Nicaragua;El Castillo;;;;;;;;;
3755;Ethiopia;Siraro Bilacha;;;;;;;;;
3757;Myanmar;Rangun;;;;;;;;;
3760;Nicaragua;El Castillo;;;;;;;;;
3761;Ghana;Asunafo South;;;;;;;;;
3764;Ghana;Volta;;;;;;;;;
3765;Ghana;Akuse;;;;;;;;;
3766;Ghana;Winneba;;;;;;;;;
3767;Ghana;Agona;;;;;;;;;
3768;Ghana;Volta;;;;;;;;;
3769;Ghana;Ghana;;;;;;;;;
3770;Ghana;Brewaniase;;;;;;;;;
3772;Ghana;Shai Hills;;;;;;;;;
3773;Ghana;Prestea;;;;;;;;;
3774;Kenya;Kwale;;;;;;;;;
3775;Senegal;Fatick;;;;;;;;;
3776;Uganda;Western Region;;;;;;;;;
3777;Sudan;Sudan;;;;;;;;;
3778;Ghana;Volta River;;;;;;;;;
3779;Zambia;Lusaka;;;;;;;;;
3780;Swaziland;Piggs Peak;;;;;;;;;
3781;Ghana;Ashanti;;;;;;;;;
3782;South Africa;Western Cape;;;;;;;;;
3783;Zambia;Kaindu;;;;;;;;;
3784;Mozambique;Cabo Delgado;;;;;;;;;
3785;Democratic Republic of the Congo;Bandundu;;;;;;;;;
3786;Zimbabwe;Nyanga;;;;;;;;;
3787;Myanmar;Dawei;;;;;;;;;
3788;Burkina Faso;Tuy;;;;;;;;;
3789;Burkina Faso;Burkina Faso;;;;;;;;;
3790;Mali;Niger;;;;;;;;;
3791;Niger;Koulou;;;;;;;;;
3792;Niger;Dosso;;;;;;;;;
3795;Congo;Sangha;;;;;;;;;
3796;Colombia;Antioquia;;;;;;;;;
3797;Sudan;Northern;;;;;;;;;
3798;Ghana;Sene;;;;;;;;;
3799;Myanmar;Momeik;;;;;;;;;
3800;Russian Federation;Rostow;;;;;;;;;
3801;Malaysia;Niah;;;;;;;;;
3802;Malaysia;Pahang;;;;;;;;;
3803;East Timor;Lospalos;;;;;;;;;
3808;Lithuania;Mažeikiai;;;;;;;;;
3809;Vietnam;Vietnam;;;;;;;;;
3814;Ethiopia;Southern Nations;;;;;;;;;
3815;Ethiopia;Southern Nations;;;;;;;;;
3816;Ethiopia;Benishangul-Gumuz Region;;;;;;;;;
3817;Ethiopia;Benishangul-Gumuz Region;;;;;;;;;
3818;Ethiopia;Benishangul-Gumuz Region;;;;;;;;;
3819;Ethiopia;Ziway;;;;;;;;;
3820;Ethiopia;Southern Nations;;;;;;;;;
3821;Ethiopia;Southern Nations;;;;;;;;;
3822;Ethiopia;Benishangul-Gumuz Region;;;;;;;;;
3823;Ethiopia;K'ota;;;;;;;;;
3824;Ethiopia;Abobo;;;;;;;;;
3825;Ethiopia;Southern Nations;;;;;;;;;
3826;Ethiopia;Dima;;;;;;;;;
3827;Ethiopia;Benishangul-Gumuz Region;;;;;;;;;
3828;Ethiopia;Benishangul-Gumuz Region;;;;;;;;;
3829;Ethiopia;Southern Nations;;;;;;;;;
3830;Ethiopia;Benishangul-Gumuz Region;;;;;;;;;
3831;Ethiopia;Southern Nations;;;;;;;;;
3832;Ethiopia;Southern Nations;;;;;;;;;
3833;Ethiopia;Southern Nations;;;;;;;;;
3834;Ethiopia;Southern Nations;;;;;;;;;
3835;Ethiopia;Dima;;;;;;;;;
3836;Ethiopia;Benishangul-Gumuz;;;;;;;;;
3837;Ethiopia;Benishangul-Gumuz Region;;;;;;;;;
3838;Ethiopia;Benishangul-Gumuz Region;;;;;;;;;
3839;Ethiopia;Southern Nations;;;;;;;;;
3840;Zambia;Kasama;;;;;;;;;
3841;Ethiopia;Amhara;;;;;;;;;
3842;United Republic of Tanzania;Tanga;;;;;;;;;
3844;Cameroon;Dja-Et-Lobo;;;;;;;;;
3846;Indonesia;Bilah Hilir;;;;;;;;;
3847;Indonesia;Bilah Hilir;;;;;;;;;
3848;Mozambique;Xai-Xai District;;;;;;;;;
3849;Guinea;Kankan;;;;;;;;;
3850;Senegal;Louga;;;;;;;;;
3851;Ethiopia;Omo;;;;;;;;;
3852;Democratic Republic of the Congo;Bandundu;;;;;;;;;
3853;Democratic Republic of the Congo;Democratic Republic of the Congo;;;;;;;;;
3854;Gambia;The Gambia;;;;;;;;;
3855;Senegal;Senegal;;;;;;;;;
3857;Ghana;Ashanti Region;;;;;;;;;
3858;Sri Lanka;Beragala;;;;;;;;;
3859;Indonesia;Muara Kaman;;;;;;;;;
3861;Vietnam;Vịnh Lăng Cô;;;;;;;;;
3863;Guinea;Yomou;;;;;;;;;
3864;Indonesia;Aceh;;;;;;;;;
3865;Democratic Republic of the Congo;Lisala;;;;;;;;;
3866;Democratic Republic of the Congo;Dima;;;;;;;;;
3867;Democratic Republic of the Congo;Equator;;;;;;;;;
3868;Indonesia;Kalimantan Tengah;;;;;;;;;
3869;Indonesia;Sulawesi;;;;;;;;;
3870;Nigeria;Doma;;;;;;;;;
3871;Indonesia;Sulawesi;;;;;;;;;
3872;Indonesia;Kalimantan Timur;;;;;;;;;
3873;Indonesia;Kalimantan Timur;;;;;;;;;
3874;Indonesia;Rantau Makmur;;;;;;;;;
3875;United Republic of Tanzania;Mkinga;;;;;;;;;
3876;United Republic of Tanzania;Bagamoyo;;;;;;;;;
3878;Argentina;Azul;;;;;;;;;
3879;United Republic of Tanzania;Tanzania;;;;;;;;;
3880;United Republic of Tanzania;Mkongo;;;;;;;;;
3881;United Republic of Tanzania;Rufiji River;;;;;;;;;
3882;United Republic of Tanzania;Kilombero;;;;;;;;;
3883;United Republic of Tanzania;Rufiji River;;;;;;;;;
3884;United Republic of Tanzania;Kilombero;;;;;;;;;
3885;United Republic of Tanzania;Kisarawe;;;;;;;;;
3886;United Republic of Tanzania;Rufiji River;;;;;;;;;
3887;United Republic of Tanzania;Bagamoyo;;;;;;;;;
3888;United Republic of Tanzania;Kilombero;;;;;;;;;
3889;United Republic of Tanzania;Moshi;;;;;;;;;
3890;Colombia;Vichada;;;;;;;;;
3891;Colombia;Vichada;;;;;;;;;
3892;Peru;Jayanca;;;;;;;;;
3893;Mozambique;Manica;;;;;;;;;
3894;Indonesia;Indonesien;;;;;;;;;
3895;Indonesia;Kalimantan;;;;;;;;;
3901;Liberia;Grand Kru;;;;;;;;;
3902;Zambia;Northern;;;;;;;;;
3905;Zambia;Nchelenge;;;;;;;;;
3907;Laos;Pakxong;;;;;;;;;
3908;Laos;Vientiane;;;;;;;;;
3909;Laos;Vientiane;;;;;;;;;
3911;Laos;Champasak;;;;;;;;;
3914;Cameroon;Jakiri;;;;;;;;;
3915;Ghana;Agona;;;;;;;;;
3917;Côte d'Ivoire;San-Pedro;;;;;;;;;
3918;Guinea;Guinea;;;;;;;;;
3919;Mali;Niger;;;;;;;;;
3920;Indonesia;Landak;;;;;;;;;
3921;Indonesia;Sekadau;;;;;;;;;
3922;Peru;Marcavelica;;;;;;;;;
3924;Mozambique;Xai-Xai District;;;;;;;;;
3925;Ethiopia;Koka Nagawo;;;;;;;;;
3927;Honduras;Valle de Sula;;;;;;;;;
3928;Paraguay;La Victoria;;;;;;;;;
3929;Argentina;Río Cuarto;;;;;;;;;
3930;Malawi;Salima;;;;;;;;;
3931;Guyana;Berbice;;;;;;;;;
3934;Brazil;Porto dos Gaúchos;;;;;;;;;
3935;Brazil;Monte Alegre;;;;;;;;;
3936;Brazil;Formosa do Rio Preto;;;;;;;;;
3937;Brazil;Barreiras;;;;;;;;;
3938;Brazil;Santa Filomena;;;;;;;;;
3939;Brazil;Jaborandi;;;;;;;;;
3940;Brazil;Correntina;;;;;;;;;
3941;Brazil;Diamantino;;;;;;;;;
3942;Argentina;Villaguay;;;;;;;;;
3943;Zambia;Zambia;;;;;;;;;
3944;Zambia;Mpika;;;;;;;;;
3945;Colombia;Meta;;;;;;;;;
3946;Peru;La Libertad;;;;;;;;;
3947;Peru;La Libertad;;;;;;;;;
3948;Jamaica;Saint Catherine Parish;;;;;;;;;
3949;Laos;Savannakhet;;;;;;;;;
3950;Laos;Namo;;;;;;;;;
3951;Laos;Laos;;;;;;;;;
3952;Laos;Champasak;;;;;;;;;
3953;Laos;Champasak;;;;;;;;;
3954;Laos;Laos;;;;;;;;;
3955;Peru;La Libertad;;;;;;;;;
3956;Peru;La Libertad;;;;;;;;;
3957;Peru;La Libertad;;;;;;;;;
3958;Peru;La Libertad;;;;;;;;;
3959;Peru;La Libertad;;;;;;;;;
3961;Peru;La Libertad;;;;;;;;;
3964;Laos;Bolaven-Plateau;;;;;;;;;
3966;India;Varavoo Kaval;;;;;;;;;
3967;India;Kundapura;;;;;;;;;
3968;India;Kundapura;;;;;;;;;
3969;India;Challakere;;;;;;;;;
3970;India;Ullarthi Kaval;;;;;;;;;
3971;Laos;Thateng;;;;;;;;;
3972;Laos;Attapeu;;;;;;;;;
3973;Laos;Attapeu;;;;;;;;;
3975;Peru;La Libertad;;;;;;;;;
3977;Peru;La Libertad;;;;;;;;;
3979;Philippines;Iloilo;;;;;;;;;
3980;Mozambique;Manica;;;;;;;;;
3981;Laos;Pakxong;;;;;;;;;
3982;Laos;Muang Sing;;;;;;;;;
3983;Mozambique;Mozambique;;;;;;;;;
3984;Laos;Sayaburi-Talsperre;;;;;;;;;
3985;Laos;Pakxong;;;;;;;;;
3986;Sudan;Wad Hamid;;;;;;;;;
3987;Laos;Champasak;;;;;;;;;
3989;Laos;Salavan;;;;;;;;;
3990;Laos;Champasak;;;;;;;;;
3991;Laos;Luang Namtha;;;;;;;;;
3992;Laos;Na Le;;;;;;;;;
3993;Laos;Muang Long;;;;;;;;;
3994;Uruguay;Artigas;;;;;;;;;
3995;Uruguay;Artigas;;;;;;;;;
3996;Uruguay;Artigas;;;;;;;;;
4001;Uruguay;Florida;;;;;;;;;
4003;Uruguay;Departamento de Lavalleja;;;;;;;;;
4004;Uruguay;Departamento de Lavalleja;;;;;;;;;
4005;Uruguay;Departamento de Lavalleja;;;;;;;;;
4006;Uruguay;Departamento de Lavalleja;;;;;;;;;
4007;Uruguay;Paysandu;;;;;;;;;
4008;Uruguay;Río Negro;;;;;;;;;
4009;Uruguay;Río Negro;;;;;;;;;
4013;Laos;Luang Namtha;;;;;;;;;
4014;Madagascar;Lake Alaotra;;;;;;;;;
4018;Laos;Oudomxay;;;;;;;;;
4020;Laos;Muang Ngoy;;;;;;;;;
4021;Laos;Luang Prabang;;;;;;;;;
4023;Paraguay;Canindeyu;;;;;;;;;
4024;Uruguay;Durazno;;;;;;;;;
4025;Uruguay;Departamento de Durazno;;;;;;;;;
4026;Uruguay;Durazno;;;;;;;;;
4027;Uruguay;Departamento de Durazno;;;;;;;;;
4030;Laos;Muang Long;;;;;;;;;
4031;Laos;Mueang Sing;;;;;;;;;
4032;Laos;Bokeo;;;;;;;;;
4033;Laos;Pha Oudom;;;;;;;;;
4034;Laos;Ban Houayxay;;;;;;;;;
4035;Laos;Bokeo;;;;;;;;;
4036;Laos;Bokeo;;;;;;;;;
4037;Laos;Bokeo;;;;;;;;;
4038;Laos;Ban Houayxay;;;;;;;;;
4040;Laos;Muang Xai;;;;;;;;;
4041;Guatemala;Escuintla;;;;;;;;;
4042;Peru;Puno;;;;;;;;;
4043;Colombia;Meta;;;;;;;;;
4044;Colombia;La Primavera;;;;;;;;;
4045;Colombia;La Primavera;;;;;;;;;
4046;Colombia;La Primavera;;;;;;;;;
4047;Colombia;La Primavera;;;;;;;;;
4048;Colombia;La Primavera;;;;;;;;;
4049;Colombia;La Primavera;;;;;;;;;
4050;Colombia;La Primavera;;;;;;;;;
4051;Colombia;La Primavera;;;;;;;;;
4052;Colombia;La Primavera;;;;;;;;;
4053;Colombia;La Primavera;;;;;;;;;
4054;Laos;Bolikhamsai;;;;;;;;;
4055;Senegal;Ross Bethio;;;;;;;;;
4056;Senegal;Syer;;;;;;;;;
4057;Senegal;Diokoul;;;;;;;;;
4058;Senegal;Wassadou;;;;;;;;;
4059;Senegal;Ourour;;;;;;;;;
4060;Zambia;Mazabuka;;;;;;;;;
4061;Mozambique;Gurue;;;;;;;;;
4063;China;Guangxi;;;;;;;;;
4064;China;Huizhou;;;;;;;;;
4065;China;Meizhou;;;;;;;;;
4068;Chile;Santiago;;;;;;;;;
4070;Argentina;Rivadavia;;;;;;;;;
4071;China;Yangpu Economic Development Zone Procuratorate;;;;;;;;;
4076;China;Zhangjiagang;;;;;;;;;
4077;China;Xinjiang;;;;;;;;;
4078;China;Xinjiang;;;;;;;;;
4079;China;Shachengzhen;;;;;;;;;
4080;China;Longjing Reservoir;;;;;;;;;
4081;Brazil;Cristalina - Goiás;;;;;;;;;
4082;Brazil;Porto dos Gaúchos;;;;;;;;;
4083;Philippines;Tarlac City;;;;;;;;;
4084;Philippines;Floridablanca;;;;;;;;;
4085;Philippines;Philippinen;;;;;;;;;
4086;Philippines;Maragondon;;;;;;;;;
4087;Brazil;Martinópolis;;;;;;;;;
4088;Brazil;Chapadão do Sul;;;;;;;;;
4089;Brazil;Narandiba;;;;;;;;;
4090;Brazil;Costa Rica;;;;;;;;;
4091;Brazil;Bandeirantes;;;;;;;;;
4092;Brazil;Bandeirantes;;;;;;;;;
4094;Brazil;Alto Boa Vista;;;;;;;;;
4095;Brazil;Canarana;;;;;;;;;
4096;Brazil;Campo Novo do Parecis;;;;;;;;;
4097;Philippines;Negros Occidental;;;;;;;;;
4098;Philippines;Murcia;;;;;;;;;
4099;Philippines;Hinigaran;;;;;;;;;
4100;Philippines;Clarin;;;;;;;;;
4101;Paraguay;Villa Hayes;;;;;;;;;
4102;China;Yunxiao;;;;;;;;;
4103;Philippines;Zambales;;;;;;;;;
4104;Philippines;General Santos City;;;;;;;;;
4105;Philippines;Misamis Oriental;;;;;;;;;
4106;Philippines;Sarangani;;;;;;;;;
4107;China;Nanshan;;;;;;;;;
4109;Laos;Vientiane;;;;;;;;;
4110;Laos;Vientiane;;;;;;;;;
4111;Laos;Muang Sing;;;;;;;;;
4112;Laos;Muang Sing;;;;;;;;;
4113;Philippines;Mindanao;;;;;;;;;
4114;Laos;Boten;;;;;;;;;
4115;Philippines;Palawan;;;;;;;;;
4116;Philippines;Negros Oriental;;;;;;;;;
4117;Philippines;San Roque;;;;;;;;;
4118;Kenya;Busia;;;;;;;;;
4119;Philippines;Tarlac Province;;;;;;;;;
4123;Kenya;Hell's Gate National Park;;;;;;;;;
4124;Philippines;Cagayan de Oro;;;;;;;;;
4126;Philippines;Bago City;;;;;;;;;
4127;Philippines;Bukidnon;;;;;;;;;
4128;Philippines;Laak;;;;;;;;;
4129;Philippines;Kalabugao;;;;;;;;;
4130;Argentina;Joaquín V. González;;;;;;;;;
4131;Mexico;Poza la Becerra;;;;;;;;;
4132;Uruguay;Tacuarembo;;;;;;;;;
4133;Uruguay;Paysandu;;;;;;;;;
4134;Uruguay;Cerro Largo;;;;;;;;;
4135;Uruguay;Rivera;;;;;;;;;
4136;Uruguay;Paysandu;;;;;;;;;
4137;Uruguay;Salto;;;;;;;;;
4138;Uruguay;Artigas;;;;;;;;;
4139;Uruguay;Treinta y Tres;;;;;;;;;
4140;Uruguay;Treinta y Tres;;;;;;;;;
4141;Uruguay;Cerro Largo;;;;;;;;;
4142;Uruguay;Maldonado;;;;;;;;;
4143;Indonesia;East Kalimantan;;;;;;;;;
4144;Indonesia;West Kalimantan;;;;;;;;;
4145;Indonesia;Musi Banyuasin;;;;;;;;;
4146;Indonesia;Sambas;;;;;;;;;
4148;Indonesia;Musi Banyuasin;;;;;;;;;
4149;Indonesia;North Sumatra;;;;;;;;;
4150;Indonesia;Musi Banyuasin;;;;;;;;;
4151;Kenya;West Pokot;;;;;;;;;
4153;Indonesia;Central Kalimantan;;;;;;;;;
4154;Indonesia;South Kalimantan;;;;;;;;;
4155;Indonesia;Central Sulawesi;;;;;;;;;
4156;Indonesia;Jambi;;;;;;;;;
4157;Indonesia;South Sumatra;;;;;;;;;
4158;Indonesia;South Sumatra;;;;;;;;;
4159;Indonesia;East Aceh;;;;;;;;;
4160;Indonesia;Riau;;;;;;;;;
4161;Kenya;Maasai Mara National Reserve;;;;;;;;;
4162;Indonesia;West Kalimantan;;;;;;;;;
4163;Indonesia;Riau;;;;;;;;;
4164;Uganda;Kayunga;;;;;;;;;
4165;Uganda;Nakasongola;;;;;;;;;
4166;Uganda;Kololo;;;;;;;;;
4167;Brazil;Barreiras;;;;;;;;;
4168;Brazil;Correntina;;;;;;;;;
4169;Brazil;Jaborandi;;;;;;;;;
4170;Brazil;Goiás;;;;;;;;;
4171;Brazil;Jaborandi;;;;;;;;;
4172;Brazil;Correntina;;;;;;;;;
4173;Brazil;São Desidério;;;;;;;;;
4174;Uganda;Mityana;;;;;;;;;
4175;Uganda;Wakiso;;;;;;;;;
4176;Indonesia;Central Sulawesi;;;;;;;;;
4177;Indonesia;Central Sulawesi;;;;;;;;;
4178;Indonesia;Central Sulawesi;;;;;;;;;
4179;Indonesia;Central Kalimantan;;;;;;;;;
4180;Indonesia;Central Kalimantan;;;;;;;;;
4181;Indonesia;Central Kalimantan;;;;;;;;;
4183;Indonesia;Central Kalimantan;;;;;;;;;
4184;Indonesia;Central Kalimantan;;;;;;;;;
4185;Indonesia;East Kalimantan;;;;;;;;;
4186;Indonesia;East Kalimantan;;;;;;;;;
4187;Indonesia;East Kalimantan;;;;;;;;;
4188;Indonesia;East Kalimantan;;;;;;;;;
4189;Uganda;Mbale;;;;;;;;;
4190;Indonesia;East Kalimantan;;;;;;;;;
4191;Indonesia;East Kalimantan;;;;;;;;;
4192;Indonesia;South Kalimantan;;;;;;;;;
4203;Brazil;Minas Gerais;;;;;;;;;
4204;Indonesia;South Kalimantan;;;;;;;;;
4208;Brazil;Bahia;;;;;;;;;
4209;Brazil;Jaborandi - Bahia;;;;;;;;;
4210;Brazil;Mineiros - Goiás;;;;;;;;;
4211;Brazil;Correntina - Bahia;;;;;;;;;
4212;Brazil;Baianópolis - Bahia;;;;;;;;;
4213;Brazil;Jaborandi;;;;;;;;;
4215;Brazil;Caucaia;;;;;;;;;
4217;Mexico;Soconusco;;;;;;;;;
4218;Brazil;Luis Eduardo Magalhaes - Bahia;;;;;;;;;
4219;Brazil;Luis Eduardo Magalhaes - Bahia;;;;;;;;;
4220;Brazil;Barreiras;;;;;;;;;
4221;China;Shengle Economic Park Administration Service Hall;;;;;;;;;
4223;Uruguay;Cerro Colorado;;;;;;;;;
4224;Uruguay;Cerro Largo;;;;;;;;;
4225;Uruguay;Tacuarembo;;;;;;;;;
4227;Chile;Palena;;;;;;;;;
4229;Chile;Cisnes;;;;;;;;;
4230;Chile;Chile Chico;;;;;;;;;
4231;Chile;Capitán Prat Province;;;;;;;;;
4232;Chile;General Carrera Province;;;;;;;;;
4233;Brazil;Paraná;;;;;;;;;
4234;Brazil;Rio Grande do Sul;;;;;;;;;
4235;Brazil;Rio Grande do Sul;;;;;;;;;
4236;Pakistan;Sādiqābād;;;;;;;;;
4237;Colombia;Magdalena;;;;;;;;;
4238;Mexico;Tabasco;;;;;;;;;
4240;Uruguay;Rio Negro;;;;;;;;;
4241;Uruguay;Paysandú;;;;;;;;;
4242;Uruguay;Durazno;;;;;;;;;
4243;Uruguay;Soriano;;;;;;;;;
4244;Uruguay;Rivera;;;;;;;;;
4245;Uruguay;San José;;;;;;;;;
4246;Uruguay;Flores;;;;;;;;;
4247;Uruguay;Maldonado;;;;;;;;;
4248;Uruguay;Colonia;;;;;;;;;
4249;Uruguay;Florida;;;;;;;;;
4253;Pakistan;Balochistan;;;;;;;;;
4254;Peru;Olmos;;;;;;;;;
4255;Peru;Olmos;;;;;;;;;
4256;Peru;Olmos;;;;;;;;;
4257;Peru;Olmos;;;;;;;;;
4258;Peru;Olmos;;;;;;;;;
4259;Peru;Olmos;;;;;;;;;
4260;Peru;Olmos;;;;;;;;;
4262;Peru;Olmos;;;;;;;;;
4263;Peru;Olmos;;;;;;;;;
4264;Peru;Olmos;;;;;;;;;
4265;Peru;Olmos;;;;;;;;;
4266;Peru;Olmos;;;;;;;;;
4269;Pakistan;Balochistan;;;;;;;;;
4270;Peru;Tambopata;;;;;;;;;
4271;East Timor;Ermera;;;;;;;;;
4272;East Timor;Aileu;;;;;;;;;
4273;East Timor;Suai;;;;;;;;;
4276;Peru;Paucartambo;;;;;;;;;
4277;Russian Federation;Primorsky Krai;;;;;;;;;
4278;Russian Federation;Kaliningrad;;;;;;;;;
4279;Russian Federation;Voronezh;;;;;;;;;
4280;Brazil;Santa Maria;;;;;;;;;
4281;United Republic of Tanzania;Tanga;;;;;;;;;
4282;Ghana;Brong Ahafo;;;;;;;;;
4283;Ghana;Upper East;;;;;;;;;
4284;Russian Federation;Saint Petersburg;;;;;;;;;
4287;Zambia;Kafue;;;;;;;;;
4295;Ukraine;Dnepropetrovsk;;;;;;;;;
4297;Zimbabwe;Chinhoyi;;;;;;;;;
4298;Morocco;Zagora;;;;;;;;;
4301;Sierra Leone;Kenema;;;;;;;;;
4303;Angola;Humbe;;;;;;;;;
4304;Ghana;Savelugu;;;;;;;;;
4305;Guinea-Bissau;Bafatá;;;;;;;;;
4313;United Republic of Tanzania;Kisarawe;;;;;;;;;
4314;United Republic of Tanzania;Mwanza;;;;;;;;;
4315;United Republic of Tanzania;Morogoro;;;;;;;;;
4318;Malaysia;Mukah;;;;;;;;;
4319;Malaysia;Kapit;;;;;;;;;
4321;Nigeria;Edo;;;;;;;;;
4322;Nigeria;Edo;;;;;;;;;
4330;Sudan;White Nile;;;;;;;;;
4331;Egypt;Egypt;;;;;;;;;
4336;Russian Federation;Kursk;;;;;;;;;
4337;Russian Federation;Ostrogozhsk;;;;;;;;;
4338;Russian Federation;Tambov;;;;;;;;;
4339;Nigeria;Cross River;;;;;;;;;
4341;Ghana;Ashanti;;;;;;;;;
4348;Ghana;Ashanti;;;;;;;;;
4354;Ghana;Afram Plains;;;;;;;;;
4359;Ghana;Atebubu;;;;;;;;;
4360;Ghana;Kumawu;;;;;;;;;
4362;Ghana;Atebubu;;;;;;;;;
4363;Mozambique;Chimoio;;;;;;;;;
4365;Zambia;Chembe;;;;;;;;;
4366;Nigeria;Edo;;;;;;;;;
4378;Ethiopia;Illubabor;;;;;;;;;
4379;Ethiopia;Benishangul-Gumuz;;;;;;;;;
4380;Ethiopia;Southern Nations;;;;;;;;;
4381;Ethiopia;Oromia;;;;;;;;;
4384;Malawi;Salima;;;;;;;;;
4389;Botswana;Pandamatenga;;;;;;;;;
4391;Nigeria;Hadejia;;;;;;;;;
4392;Zambia;Kafue;;;;;;;;;
4394;Zambia;Sinazongwe;;;;;;;;;
4396;Zambia;Mkushi;;;;;;;;;
4398;Zambia;Chibombo;;;;;;;;;
4399;Zambia;Chibombo;;;;;;;;;
4402;Nigeria;Edo;;;;;;;;;
4405;Zambia;Choma;;;;;;;;;
4407;Zambia;Choma;;;;;;;;;
4411;Romania;Tatanir 827053;;;;;;;;;
4412;Romania;Mihai Bravu;;;;;;;;;
4413;Romania;Buziaș 305100;;;;;;;;;
4414;Romania;Oloşag;;;;;;;;;
4415;Romania;Sacu;;;;;;;;;
4416;Romania;Ciuguzel;;;;;;;;;
4417;Romania;Șipet;;;;;;;;;
4418;Romania;Făcăeni;;;;;;;;;
4419;Romania;Oloşag;;;;;;;;;
4420;Cambodia;Stueng Hav;;;;;;;;;
4421;Cambodia;Kratié;;;;;;;;;
4422;Cambodia;Mondol Kiri;;;;;;;;;
4423;Cambodia;Kampong Speu​;;;;;;;;;
4424;Cambodia;Mondulkiri;;;;;;;;;
4425;Cambodia;Koh Kong;;;;;;;;;
4426;Cambodia;Botum Sakor;;;;;;;;;
4427;Cambodia;Botum Sakor;;;;;;;;;
4428;Cambodia;Chhuk;;;;;;;;;
4429;Cambodia;Prey Nob;;;;;;;;;
4430;Guinea;Guinea;;;;;;;;;
4431;Ghana;Ghana;;;;;;;;;
4432;Democratic Republic of the Congo;Kinshasa;;;;;;;;;
4433;Malawi;Dwangwa River;;;;;;;;;
4434;Burkina Faso;Leo;;;;;;;;;
4435;Argentina;Quemú Quemú;;;;;;;;;
4436;Cambodia;Phum Reaksmei Sameakki;;;;;;;;;
4437;Cambodia;Kampong Seila;;;;;;;;;
4438;Cambodia;Ream National Park;;;;;;;;;
4439;Cambodia;Kampong Seila;;;;;;;;;
4441;Cambodia;Veal Veaeng;;;;;;;;;
4442;Cambodia;Veal Veaeng;;;;;;;;;
4444;Cambodia;Rovieng;;;;;;;;;
4445;Cambodia;Srayang;;;;;;;;;
4447;Cambodia;Boeng Peae Wildlife Sanctuary;;;;;;;;;
4448;Cambodia;Kampong Thom;;;;;;;;;
4449;Cambodia;Kampong Thom;;;;;;;;;
4450;Cambodia;Kratié;;;;;;;;;
4451;Cambodia;Kratié;;;;;;;;;
4453;Cambodia;Chamreun Health Centre;;;;;;;;;
4454;Cambodia;Seda;;;;;;;;;
4455;Cambodia;Ban Taveng;;;;;;;;;
4456;South Africa;Ngcobo;;;;;;;;;
4457;Zambia;Kawambwa;;;;;;;;;
4458;Uganda;Masaka;;;;;;;;;
4459;Zambia;Luena;;;;;;;;;
4460;Argentina;Joaquín V. González;;;;;;;;;
4463;Cameroon;Cameroon;;;;;;;;;
4464;Cameroon;Déhané;;;;;;;;;
4466;South Africa;Umzimkulu;;;;;;;;;
4467;Côte d'Ivoire;Kouassi-Prikro I;;;;;;;;;
4468;Indonesia;Kutai Kartanegara;;;;;;;;;
4470;Indonesia;Hambau;;;;;;;;;
4471;Indonesia;Lumbis;;;;;;;;;
4473;Philippines;Casiguran;;;;;;;;;
4474;Indonesia;East Kalimantan;;;;;;;;;
4475;Indonesia;Barito Kuala;;;;;;;;;
4476;Indonesia;Sangkulirang;;;;;;;;;
4478;Argentina;Nueva Población;;;;;;;;;
4479;Paraguay;Nueva Germania;;;;;;;;;
4480;Romania;Cocora;;;;;;;;;
4481;Uganda;Wakiso;;;;;;;;;
4482;Uganda;Kaweweta;;;;;;;;;
4492;Argentina;Hickman;;;;;;;;;
4493;Mozambique;Beira;;;;;;;;;
4495;Mozambique;Lalaua;;;;;;;;;
4496;Democratic Republic of the Congo;Bas Congo;;;;;;;;;
4502;Sierra Leone;Bo;;;;;;;;;
4503;Romania;Amaru;;;;;;;;;
4504;Romania;Oravița;;;;;;;;;
4505;Romania;Videle 145300;;;;;;;;;
4507;United Republic of Tanzania;Morogoro;;;;;;;;;
4509;Romania;Dudeștii Vechi 307150;;;;;;;;;
4510;Mozambique;Gurue;;;;;;;;;
4511;Nigeria;Akotogbo;;;;;;;;;
4512;Zambia;Luapula;;;;;;;;;
4513;Romania;Sânnicolau Mare 305600;;;;;;;;;
4514;Congo;Komono;;;;;;;;;
4519;Guinea;Guinea;;;;;;;;;
4520;Sao Tome and Principe;Porto Alegre;;;;;;;;;
4521;Nigeria;Edo;;;;;;;;;
4522;Sierra Leone;Pujehun;;;;;;;;;
4524;South Africa;Douglas;;;;;;;;;
4525;Egypt;Al Akhioh - Al Salheya;;;;;;;;;
4527;Egypt;Abou Sembel - Al Owaynat;;;;;;;;;
4528;Morocco;Rabat;;;;;;;;;
4531;Egypt;Alexandria Desert Rd;;;;;;;;;
4532;Benin;Benin;;;;;;;;;
4534;Ethiopia;Koka;;;;;;;;;
4535;China;Guangdong;;;;;;;;;
4537;Argentina;San Miguel;;;;;;;;;
4538;China;Shandong;;;;;;;;;
4539;Argentina;Concepción;;;;;;;;;
4541;China;Guizhou;;;;;;;;;
4542;China;Henan;;;;;;;;;
4543;China;Jiangxi;;;;;;;;;
4544;Rwanda;Gisenyi;;;;;;;;;
4545;Russian Federation;Khabarovsk;;;;;;;;;
4546;Cambodia;Preah Vihear;;;;;;;;;
4547;Argentina;La Paz Department;;;;;;;;;
4554;Angola;Bie;;;;;;;;;
4555;Nigeria;Edo;;;;;;;;;
4556;Romania;Arad;;;;;;;;;
4557;Mongolia;Halhin Gol;;;;;;;;;
4558;Argentina;General Ballivián;;;;;;;;;
4559;Paraguay;Tacuati;;;;;;;;;
4560;Malawi;Northern Region;;;;;;;;;
4561;Zambia;Mpongwe;;;;;;;;;
4562;Nigeria;Osun;;;;;;;;;
4563;Romania;Vlădeni;;;;;;;;;
4565;Angola;Angola;;;;;;;;;
4566;Kenya;South Horr;;;;;;;;;
4567;Argentina;Tartagal;;;;;;;;;
4568;Paraguay;San Estanislao;;;;;;;;;
4571;Zambia;Muchinga;;;;;;;;;
4574;Brazil;São Paulo - State of São Paulo;;;;;;;;;
4575;Honduras;Trujillo;;;;;;;;;
4576;Romania;Giurgeni;;;;;;;;;
4579;Cameroon;Bertoua;;;;;;;;;
4582;Ghana;Abenase;;;;;;;;;
4583;Ghana;Adeiso;;;;;;;;;
4587;Paraguay;Fuerte Olimpo;;;;;;;;;
4588;Kenya;Masinga;;;;;;;;;
4589;Kenya;Kiambere;;;;;;;;;
4590;Kenya;Emali;;;;;;;;;
4591;Ukraine;Volodars'k;;;;;;;;;
4592;Ukraine;Rivne;;;;;;;;;
4593;Ukraine;Kherson;;;;;;;;;
4594;Ukraine;Makedony;;;;;;;;;
4596;Ukraine;Volyns'ka oblast;;;;;;;;;
4597;South Africa;Porterville;;;;;;;;;
4598;Tunisia;Tunisia;;;;;;;;;
4599;Uganda;Apaa;;;;;;;;;
4600;Ukraine;Demky;;;;;;;;;
4605;Ukraine;Lutsk;;;;;;;;;
4607;Russian Federation;Voronezh Oblast;;;;;;;;;
4608;Romania;Banat;;;;;;;;;
4609;Ukraine;Novoazovs'k;;;;;;;;;
4611;Peru;Piura;;;;;;;;;
4612;Guyana;Guyana;;;;;;;;;
4614;Guyana;Upper Takutu-Upper Essequibo;;;;;;;;;
4615;Guyana;East Berbice-Corentyne;;;;;;;;;
4616;Ukraine;Velyka Oleksandrivka;;;;;;;;;
4617;Namibia;Katima Mulilo Airport;;;;;;;;;
4618;Ukraine;Chernihiv;;;;;;;;;
4619;Mauritania;Brakna;;;;;;;;;
4623;Ethiopia;Omo;;;;;;;;;
4624;Sudan;Atbara;;;;;;;;;
4625;Sudan;Omdurman;;;;;;;;;
4629;Ethiopia;Amhara;;;;;;;;;
4630;Nicaragua;Apawás;;;;;;;;;
4632;Ethiopia;Gemadro;;;;;;;;;
4633;Ethiopia;Agew Awi;;;;;;;;;
4634;Ethiopia;Southern Nations;;;;;;;;;
4637;Sri Lanka;Wilpattu National Park;;;;;;;;;
4638;Sri Lanka;Kuchchaveli;;;;;;;;;
4697;Mongolia;Tushig;;;;;;;;;
4699;Nicaragua;Rivas;;;;;;;;;
4700;Romania;Argeș County;;;;;;;;;
4701;Malaysia;Sabah;;;;;;;;;
4702;Malaysia;Sabah;;;;;;;;;
4703;Malaysia;Pamol;;;;;;;;;
4704;Malaysia;Pamol;;;;;;;;;
4705;Malaysia;Sabah;;;;;;;;;
4707;Malaysia;Kota Kinabatangan;;;;;;;;;
4708;Malaysia;Sabah;;;;;;;;;
4709;Malaysia;Kota Kinabatangan;;;;;;;;;
4710;Malaysia;Kota Kinabatangan;;;;;;;;;
4711;Malaysia;Kota Kinabatangan;;;;;;;;;
4712;Malaysia;Lahad Datu;;;;;;;;;
4713;Zambia;Mumbwa;;;;;;;;;
4714;Zambia;Mpande;;;;;;;;;
4715;Chile;Chiloé Archipelago;;;;;;;;;
4716;Argentina;Campo Gallo;;;;;;;;;
4717;United Republic of Tanzania;Pangani;;;;;;;;;
4718;Nicaragua;Rama;;;;;;;;;
4719;Argentina;Chelforó;;;;;;;;;
4722;Mozambique;Lioma;;;;;;;;;
4725;Argentina;Misiones Province;;;;;;;;;
4727;Zambia;Mumbwa;;;;;;;;;
4730;Ghana;Volta;;;;;;;;;
4732;Bulgaria;3840 Boynitsa;;;;;;;;;
4734;Democratic Republic of the Congo;Katanga;;;;;;;;;
4735;Rwanda;Ngororero;;;;;;;;;
4736;Rwanda;Nyamagabe;;;;;;;;;
4737;Rwanda;Nyabihu;;;;;;;;;
4738;Rwanda;Rutsiro;;;;;;;;;
4740;Romania;Timișoara;;;;;;;;;
4741;Mozambique;Monapo;;;;;;;;;
4742;Mozambique;Cabo Delgado;;;;;;;;;
4743;Mozambique;Natuto;;;;;;;;;
4744;Mozambique;Mocuba;;;;;;;;;
4745;Uganda;Nwoya;;;;;;;;;
4746;Uganda;Gulu;;;;;;;;;
4747;Zimbabwe;Murehwa;;;;;;;;;
4749;Mozambique;Mozambique;;;;;;;;;
4750;Mozambique;Dombe;;;;;;;;;
4751;Mozambique;Nhamatanda;;;;;;;;;
4752;Mozambique;Marracuene District;;;;;;;;;
4754;Nigeria;Niger;;;;;;;;;
4756;Mozambique;Manica;;;;;;;;;
4757;United Republic of Tanzania;Ruvuma;;;;;;;;;
4758;Ethiopia;Oromia;;;;;;;;;
4759;Tunisia;Tunisia;;;;;;;;;
4772;Nigeria;Edo;;;;;;;;;
4773;Nigeria;Ehor;;;;;;;;;
4774;Nigeria;Edo;;;;;;;;;
4775;Nigeria;Edo;;;;;;;;;
4776;Nigeria;Benin City;;;;;;;;;
4777;Nigeria;Ogun State;;;;;;;;;
4778;Nigeria;Apata;;;;;;;;;
4779;Nigeria;Ekiti;;;;;;;;;
4780;Nigeria;Niger;;;;;;;;;
4781;Nigeria;Shao;;;;;;;;;
4783;Nigeria;Kontagora;;;;;;;;;
4784;Cameroon;Northwest;;;;;;;;;
4785;Nigeria;Mokwa;;;;;;;;;
4786;Nigeria;Mokwa;;;;;;;;;
4795;Ghana;Ampabame;;;;;;;;;
4796;United Republic of Tanzania;Mkulazi;;;;;;;;;
4801;Indonesia;Sandai;;;;;;;;;
4802;Indonesia;Pangkalan Telok;;;;;;;;;
4803;Indonesia;Kapuas Hulu;;;;;;;;;
4804;Indonesia;Central Kapuas;;;;;;;;;
4805;Indonesia;Mantangai;;;;;;;;;
4808;Indonesia;Kapuas Regency;;;;;;;;;
4809;Indonesia;Kapuas Regency;;;;;;;;;
4811;Nigeria;Numan;;;;;;;;;
4813;Romania;Timiș County;;;;;;;;;
4815;Romania;Călărași;;;;;;;;;
4816;Romania;Călărași;;;;;;;;;
4817;Romania;Călărași;;;;;;;;;
4818;Romania;Alba County;;;;;;;;;
4819;Romania;Balta Ialomitei;;;;;;;;;
4820;Romania;Caraș-Severin County;;;;;;;;;
4821;Romania;Constanța;;;;;;;;;
4822;Romania;Timiș County;;;;;;;;;
4824;Romania;Botoșani;;;;;;;;;
4826;Romania;Brașov;;;;;;;;;
4827;Romania;Buzău;;;;;;;;;
4828;Romania;Brăila;;;;;;;;;
4830;Romania;Iași;;;;;;;;;
4831;Romania;Teleorman County;;;;;;;;;
4833;Romania;Teleorman County;;;;;;;;;
4835;Romania;Vaslui;;;;;;;;;
4836;Romania;Călărași;;;;;;;;;
4837;Romania;Timiș County;;;;;;;;;
4839;Romania;Balanesti;;;;;;;;;
4840;Romania;Argeș County;;;;;;;;;
4841;Romania;Argeș County;;;;;;;;;
4842;Romania;Olt;;;;;;;;;
4843;Angola;Cuanza Sul;;;;;;;;;
4846;Romania;Iași;;;;;;;;;
4847;Romania;Ialomița County;;;;;;;;;
4848;Romania;Timiș County;;;;;;;;;
4849;Romania;Dolj County;;;;;;;;;
4850;Romania;Iași;;;;;;;;;
4851;Romania;Timiș County;;;;;;;;;
4852;Romania;Bihor County;;;;;;;;;
4853;Romania;Călărași;;;;;;;;;
4854;Romania;Călărași;;;;;;;;;
4855;Romania;Vaslui;;;;;;;;;
4856;Romania;Brașov;;;;;;;;;
4857;Romania;Timiș County;;;;;;;;;
4858;Romania;Teleorman County;;;;;;;;;
4859;Romania;Călărași;;;;;;;;;
4860;Romania;Argeș County;;;;;;;;;
4884;Romania;Călărași;;;;;;;;;
4886;Romania;Ilfov County;;;;;;;;;
4894;Romania;Călărași;;;;;;;;;
4895;Romania;Galați;;;;;;;;;
4896;Romania;Teleorman County;;;;;;;;;
4899;Romania;Gorj County;;;;;;;;;
4900;Romania;Călărași;;;;;;;;;
4901;Romania;Timiș County;;;;;;;;;
4902;Romania;Iași;;;;;;;;;
4904;Romania;Timiș County;;;;;;;;;
4905;Romania;Olt County;;;;;;;;;
4908;Romania;Călărași;;;;;;;;;
4911;Romania;Hunedoara;;;;;;;;;
4913;Romania;Galați;;;;;;;;;
4915;Romania;Călărași;;;;;;;;;
4916;Romania;Băcani 737045;;;;;;;;;
4918;Romania;Neamț County;;;;;;;;;
4922;Russian Federation;Zabaykalsky Krai;;;;;;;;;
4923;Morocco;El Hajeb;;;;;;;;;
4924;Zimbabwe;Chinhoyi;;;;;;;;;
4925;United Republic of Tanzania;Wami River;;;;;;;;;
4927;Côte d'Ivoire;Yamoussoukro;;;;;;;;;
4928;Ghana;Bibiani;;;;;;;;;
4929;Sierra Leone;Imperi;;;;;;;;;
4930;Senegal;Yamane;;;;;;;;;
4931;Senegal;Mbane;;;;;;;;;
4934;Sierra Leone;Zimmi;;;;;;;;;
4935;Cameroon;Belo;;;;;;;;;
4936;Malawi;Chikwawa;;;;;;;;;
4937;Malawi;Nkhata Bay;;;;;;;;;
4939;Malawi;Nsanje;;;;;;;;;
4940;Ghana;Kintampo;;;;;;;;;
4941;Ethiopia;Doba;;;;;;;;;
4946;Ukraine;Chornomorsk;;;;;;;;;
4947;Romania;Romania;;;;;;;;;
4948;Ukraine;Sumy;;;;;;;;;
4958;Ukraine;Kalanchak;;;;;;;;;
4959;Côte d'Ivoire;Guitri;;;;;;;;;
4960;Ukraine;Kaharlyk;;;;;;;;;
4961;Ukraine;Vil's'k;;;;;;;;;
4962;Ukraine;Makedony;;;;;;;;;
4963;Russian Federation;Lipetsk;;;;;;;;;
4964;Russian Federation;Rostov-on-Don;;;;;;;;;
4966;Mozambique;Nacala;;;;;;;;;
4967;Russian Federation;Kursk;;;;;;;;;
4969;Russian Federation;Tatarstan;;;;;;;;;
4971;Russian Federation;Oryol;;;;;;;;;
4973;Russian Federation;Primorsky Krai;;;;;;;;;
4974;Argentina;González;;;;;;;;;
4975;Argentina;González;;;;;;;;;
4976;Russian Federation;Michurinsky District;;;;;;;;;
4978;Democratic Republic of the Congo;Inongo;;;;;;;;;
4979;Democratic Republic of the Congo;Mombongo;;;;;;;;;
4980;Nicaragua;El Sauce;;;;;;;;;
4981;Argentina;Chimpay;;;;;;;;;
4982;Brazil;Ribeiro Gonçalves;;;;;;;;;
4983;Brazil;Porto dos Gaúchos;;;;;;;;;
4985;Argentina;Apolinario Saravia;;;;;;;;;
4986;Argentina;Col. Tata Cua;;;;;;;;;
4987;Paraguay;Itapua;;;;;;;;;
4988;Argentina;Laguna Blanca;;;;;;;;;
4989;Democratic Republic of the Congo;Mushie;;;;;;;;;
4990;Democratic Republic of the Congo;Demba;;;;;;;;;
4993;Democratic Republic of the Congo;Bakumu;;;;;;;;;
4994;Democratic Republic of the Congo;Bikoro;;;;;;;;;
4995;Democratic Republic of the Congo;Ingende;;;;;;;;;
4996;Ghana;Sene;;;;;;;;;
4997;Russian Federation;Lipetsk;;;;;;;;;
4999;Russian Federation;Krasnodar;;;;;;;;;
5001;Russian Federation;Rostov-on-Don;;;;;;;;;
5002;Russian Federation;Zavolzhsk;;;;;;;;;
5003;Russian Federation;Rostov Oblast;;;;;;;;;
5004;Russian Federation;Tatarstan;;;;;;;;;
5007;Brazil;Chapada dos Guimarães;;;;;;;;;
5008;Brazil;Santa Isabel do Pará;;;;;;;;;
5009;United Republic of Tanzania;Tanzania;;;;;;;;;
5010;Cameroon;Littoral;;;;;;;;;
5012;Democratic Republic of the Congo;Bikoro;;;;;;;;;
5013;Democratic Republic of the Congo;Basoko;;;;;;;;;
5014;Democratic Republic of the Congo;Oshwe;;;;;;;;;
5015;Liberia;Bong;;;;;;;;;
5016;Angola;Uige;;;;;;;;;
5017;Angola;Malanje;;;;;;;;;
5018;Democratic Republic of the Congo;Basoko;;;;;;;;;
5019;Democratic Republic of the Congo;Bolomba;;;;;;;;;
5021;Democratic Republic of the Congo;Oshwe;;;;;;;;;
5024;Uganda;Kikonda;;;;;;;;;
5026;South Africa;Sabie;;;;;;;;;
5027;South Africa;Sabie;;;;;;;;;
5028;South Africa;Mpumalanga;;;;;;;;;
5029;Democratic Republic of the Congo;Lukolela;;;;;;;;;
5030;Democratic Republic of the Congo;Lukolela;;;;;;;;;
5032;Gabon;Lastoursville;;;;;;;;;
5036;China;Sichuan;;;;;;;;;
5037;China;Yunnan;;;;;;;;;
5038;China;Guizhou;;;;;;;;;
5043;Namibia;Ndiyona;;;;;;;;;
5044;Namibia;Bagani;;;;;;;;;
5046;Malawi;Chikwawa;;;;;;;;;
5054;Namibia;Dordabis;;;;;;;;;
5055;Ghana;Daboase;;;;;;;;;
5057;Brazil;São Paulo;;;;;;;;;
5058;Brazil;State of Tocantins;;;;;;;;;
5060;Mozambique;Chokwe;;;;;;;;;
5061;Mozambique;Massinga;;;;;;;;;
5062;Mozambique;Sofala;;;;;;;;;
5066;Brazil;State of Rio Grande do Sul;;;;;;;;;
5067;Argentina;San Francisco de Laishi;;;;;;;;;
5068;Argentina;General Villegas;;;;;;;;;
5069;Argentina;Guaminí;;;;;;;;;
5070;Argentina;Villa Sauce;;;;;;;;;
5071;Argentina;Venado Tuerto;;;;;;;;;
5072;Argentina;Ramayón;;;;;;;;;
5073;Argentina;Tostado;;;;;;;;;
5074;Argentina;Luján;;;;;;;;;
5075;Argentina;Santiago del Estero;;;;;;;;;
5076;Nicaragua;Chontales;;;;;;;;;
5077;Paraguay;Mayor Pablo Lagerenza;;;;;;;;;
5078;Argentina;Entre Rios;;;;;;;;;
5079;Argentina;Corrientes;;;;;;;;;
5080;Argentina;Río Negro;;;;;;;;;
5081;Chile;Hornopirén;;;;;;;;;
5082;Chile;Chaitén;;;;;;;;;
5083;Chile;Chaitén;;;;;;;;;
5084;Uruguay;Durazno;;;;;;;;;
5087;Zambia;Kitwe;;;;;;;;;
5088;Zimbabwe;Mashonaland East;;;;;;;;;
5089;Zimbabwe;Chegutu;;;;;;;;;
5090;Sudan;North Kurdufan;;;;;;;;;
5095;Tajikistan;Jomi;;;;;;;;;
5096;Tajikistan;Tajikistan;;;;;;;;;
5097;Tajikistan;Khatlon;;;;;;;;;
5100;Namibia;Ndiyona;;;;;;;;;
5101;Namibia;Kapako;;;;;;;;;
5102;Namibia;Noordoewer;;;;;;;;;
5103;Namibia;Aussenkehr;;;;;;;;;
5104;Namibia;Katima Mulilo;;;;;;;;;
5107;Namibia;Tsumeb;;;;;;;;;
5113;Namibia;Mariental;;;;;;;;;
5115;Colombia;El Carmen de Bolívar;;;;;;;;;
5116;Nicaragua;Bonanza;;;;;;;;;
5117;Uruguay;Paysandú;;;;;;;;;
5118;Uruguay;Paysandú;;;;;;;;;
5119;Nicaragua;Rama;;;;;;;;;
5120;Nicaragua;Rama;;;;;;;;;
5121;Colombia;Bolivar;;;;;;;;;
5122;Kenya;Narok;;;;;;;;;
5129;Benin;Benin;;;;;;;;;
5130;Democratic Republic of the Congo;Nsele;;;;;;;;;
5131;Ghana;Ghana;;;;;;;;;
5133;Nigeria;Kebbi;;;;;;;;;
5135;Sudan;Al Qadarif;;;;;;;;;
5136;Madagascar;Namakia;;;;;;;;;
5137;Madagascar;Ambilobe;;;;;;;;;
5138;Madagascar;Madagascar;;;;;;;;;
5139;Vietnam;Vinh Hoi hamlet;;;;;;;;;
5140;Nicaragua;Kukrahill;;;;;;;;;
5141;Colombia;María La Baja;;;;;;;;;
5142;Colombia;El Carmen de Bolivar;;;;;;;;;
5143;Nicaragua;Nagarote;;;;;;;;;
5144;Brazil;Quixeré - State of Ceará;;;;;;;;;
5145;Argentina;González;;;;;;;;;
5146;Argentina;Joaquín V. González;;;;;;;;;
5147;Argentina;El Quebrachal;;;;;;;;;
5148;Argentina;Apolinario Saravia;;;;;;;;;
5149;Argentina;Coronel Mollinedo;;;;;;;;;
5150;Argentina;General Pizarro;;;;;;;;;
5151;Argentina;Joaquín V. González;;;;;;;;;
5152;Argentina;El Quebrachal;;;;;;;;;
5153;Argentina;Joaquín V. González;;;;;;;;;
5154;Argentina;General Pizarro;;;;;;;;;
5155;Argentina;Colonia Santa Rosa;;;;;;;;;
5156;Argentina;General Pizarro;;;;;;;;;
5157;Argentina;Urundel;;;;;;;;;
5158;Argentina;El Galpón;;;;;;;;;
5159;Argentina;Rivadavia;;;;;;;;;
5160;Argentina;El Quebrachal;;;;;;;;;
5161;Argentina;General Pizarro;;;;;;;;;
5162;Argentina;El Tala;;;;;;;;;
5163;Argentina;Pichanal;;;;;;;;;
5164;Argentina;Pichanal;;;;;;;;;
5167;Vietnam;Vung Ang Economic Zone;;;;;;;;;
5168;Colombia;Ovejas;;;;;;;;;
5169;Vietnam;Quang Nam Province;;;;;;;;;
5170;Vietnam;Phú Yên Province;;;;;;;;;
5171;Vietnam;Long Duc Ward;;;;;;;;;
5174;Senegal;Mbane;;;;;;;;;
5178;Ethiopia;Gera;;;;;;;;;
5179;Vietnam;Quang Ngai;;;;;;;;;
5189;Sierra Leone;Kambui Hills Forest Reserve;;;;;;;;;
5192;United Republic of Tanzania;Arusha;;;;;;;;;
5193;Sierra Leone;Golo Forests;;;;;;;;;
5194;Vietnam;Binh Duong;;;;;;;;;
5195;Vietnam;Bac Ninh;;;;;;;;;
5196;Vietnam;Hai Phong;;;;;;;;;
5197;Vietnam;Nghe An;;;;;;;;;
5198;Vietnam;Binh Duong;;;;;;;;;
5199;Vietnam;Hớn Quản District;;;;;;;;;
5200;Vietnam;Chơn Thành District;;;;;;;;;
5201;Vietnam;Phú Yên Province;;;;;;;;;
5202;Vietnam;Chơn Thành District;;;;;;;;;
5214;Democratic Republic of the Congo;Lomako;;;;;;;;;
5215;Democratic Republic of the Congo;Bafwasende;;;;;;;;;
5218;Democratic Republic of the Congo;Kwamouth;;;;;;;;;
5219;Democratic Republic of the Congo;Kwamouth;;;;;;;;;
5220;Democratic Republic of the Congo;Ingende;;;;;;;;;
5221;Democratic Republic of the Congo;Ingende;;;;;;;;;
5222;Democratic Republic of the Congo;Yakata;;;;;;;;;
5223;Democratic Republic of the Congo;Bongandanga;;;;;;;;;
5224;Democratic Republic of the Congo;Lisala;;;;;;;;;
5225;Democratic Republic of the Congo;Bolia;;;;;;;;;
5226;Democratic Republic of the Congo;Bongandanga;;;;;;;;;
5227;Democratic Republic of the Congo;Bolomba;;;;;;;;;
5228;Democratic Republic of the Congo;Bolomba;;;;;;;;;
5229;Democratic Republic of the Congo;Nkaw;;;;;;;;;
5230;Democratic Republic of the Congo;Yumbi;;;;;;;;;
5231;Democratic Republic of the Congo;Ndika;;;;;;;;;
5232;Democratic Republic of the Congo;Lukolela;;;;;;;;;
5233;Democratic Republic of the Congo;Mai-Ndombe;;;;;;;;;
5234;Democratic Republic of the Congo;Mampoko;;;;;;;;;
5235;Democratic Republic of the Congo;Yahuma;;;;;;;;;
5236;Democratic Republic of the Congo;Mayaya;;;;;;;;;
5237;Democratic Republic of the Congo;Lisala;;;;;;;;;
5238;Democratic Republic of the Congo;Lukenie;;;;;;;;;
5239;Democratic Republic of the Congo;Lisala;;;;;;;;;
5240;Democratic Republic of the Congo;Basoko;;;;;;;;;
5241;Democratic Republic of the Congo;Lisala;;;;;;;;;
5242;Democratic Republic of the Congo;Bongandanga;;;;;;;;;
5243;Democratic Republic of the Congo;Yahuma;;;;;;;;;
5244;Democratic Republic of the Congo;Botoma;;;;;;;;;
5245;Vietnam;tp. Hạ Long;;;;;;;;;
5246;Vietnam;tx. Quảng Yên;;;;;;;;;
5247;Democratic Republic of the Congo;Boyoka;;;;;;;;;
5248;Democratic Republic of the Congo;Ligasa;;;;;;;;;
5249;Vietnam; tp. Hạ Long;;;;;;;;;
5250;Vietnam;Quang Minh;;;;;;;;;
5251;Vietnam;Chương Mỹ;;;;;;;;;
5252;Vietnam;Bắc Từ Liêm;;;;;;;;;
5253;Vietnam;Bình Xuyên;;;;;;;;;
5254;Vietnam;tp. Vĩnh Yên;;;;;;;;;
5255;Vietnam;Bình Xuyên;;;;;;;;;
5256;Vietnam;Bình Xuyên;;;;;;;;;
5257;Vietnam;Bình Xuyên;;;;;;;;;
5258;Vietnam;Bình Xuyên;;;;;;;;;
5259;Vietnam;Yên Mỹ;;;;;;;;;
5260;Vietnam;Hung Yen Province;;;;;;;;;
5261;Vietnam;Kim Động;;;;;;;;;
5262;Vietnam;Việt Yên District;;;;;;;;;
5263;Vietnam;Bac Giang;;;;;;;;;
5264;Vietnam;Nam Định;;;;;;;;;
5265;Vietnam;Nghĩa Hưng District;;;;;;;;;
5267;Vietnam;Vân Đồn District;;;;;;;;;
5270;South Africa;Normandien;;;;;;;;;
5271;South Africa;Ga-Mashashane;;;;;;;;;
5272;South Africa;Hopetown;;;;;;;;;
5273;Vietnam;Đắk Lắk Province;;;;;;;;;
5274;Vietnam;Quỳ Châu District;;;;;;;;;
5275;Vietnam;M'Đrắk;;;;;;;;;
5276;Vietnam;Cẩm Xuyên;;;;;;;;;
5279;Vietnam;Đắk Lắk Province;;;;;;;;;
5280;Vietnam;Đắk Lắk Province;;;;;;;;;
5281;Vietnam;Ea Súp;;;;;;;;;
5283;Angola;Quibala;;;;;;;;;
5284;Angola;Luanda;;;;;;;;;
5285;Angola;Waku-Kungo Airport;;;;;;;;;
5286;Angola;Malanje;;;;;;;;;
5288;Angola;Pungo Andongo;;;;;;;;;
5290;United Republic of Tanzania;Njombe;;;;;;;;;
5293;United Republic of Tanzania;Makete;;;;;;;;;
5294;United Republic of Tanzania;Iringa;;;;;;;;;
5295;United Republic of Tanzania;Mafinga;;;;;;;;;
5296;Colombia;San Onofre;;;;;;;;;
5297;Uruguay;Colonia Department;;;;;;;;;
5298;Colombia;Cesar;;;;;;;;;
5299;Argentina;Ntra Sra de Talavera;;;;;;;;;
5301;Colombia;San Jacinto;;;;;;;;;
5302;Colombia;San Juan Nepomuceno;;;;;;;;;
5303;Vietnam;Quang Nam Province;;;;;;;;;
5304;Argentina;Arrecifes;;;;;;;;;
5305;Argentina;Rivadavia;;;;;;;;;
5306;Argentina;Balcarce;;;;;;;;;
5307;Argentina;Palma Sola;;;;;;;;;
5308;Argentina;Palma Sola;;;;;;;;;
5309;Argentina;General Pizarro;;;;;;;;;
5310;Argentina;General Pizarro;;;;;;;;;
5312;Argentina;General Ballivián;;;;;;;;;
5313;Argentina;Tartagal;;;;;;;;;
5314;Argentina;Tolloche;;;;;;;;;
5315;Argentina;Rivadavia;;;;;;;;;
5316;Ghana;Tamale;;;;;;;;;
5317;Argentina;San José de Metán;;;;;;;;;
5318;Argentina;Colonia Santa Rosa;;;;;;;;;
5319;Mozambique;Muite;;;;;;;;;
5320;Argentina;Hickmann;;;;;;;;;
5321;Argentina;Dragones;;;;;;;;;
5323;Brazil;Baixa Grande do Ribeiro;;;;;;;;;
5325;Brazil;Brasnorte;;;;;;;;;
5326;Brazil;Pedras de Maria da Cruz;;;;;;;;;
5327;Brazil;Acreúna;;;;;;;;;
5328;Argentina;General Pizarro;;;;;;;;;
5329;Peru;Loreto;;;;;;;;;
5330;Peru;Ucayali;;;;;;;;;
5331;Paraguay;Mariscal Lopez;;;;;;;;;
5332;Argentina;Rosario de la Frontera;;;;;;;;;
5333;Argentina;Tartagal;;;;;;;;;
5334;Argentina;Gaona;;;;;;;;;
5335;Argentina;Joaquín V. González;;;;;;;;;
5336;Argentina;Tolloche;;;;;;;;;
5337;Argentina;El Quebrachal;;;;;;;;;
5340;Nigeria;Mokwa;;;;;;;;;
5350;Nigeria;Kwara;;;;;;;;;
5351;Malawi;Lilongwe;;;;;;;;;
5352;Senegal;Podor;;;;;;;;;
5353;Senegal;Kaolack;;;;;;;;;
5360;Senegal;Senegal;;;;;;;;;
5366;Colombia;Puerto Gaitán;;;;;;;;;
5367;Colombia;Puerto Gaitán;;;;;;;;;
5368;Colombia;Puerto Gaitán;;;;;;;;;
5369;Nicaragua;Rama;;;;;;;;;
5370;Panama;Barro Blanco Dam;;;;;;;;;
5372;Panama;Bocas del Toro Province;;;;;;;;;
5373;Colombia;El Carmen de Bolívar;;;;;;;;;
5374;Colombia;San Jacinto;;;;;;;;;
5375;Colombia;Zambrano;;;;;;;;;
5376;Nicaragua;Camoapa;;;;;;;;;
5381;Morocco;Ouarzazate 45000;;;;;;;;;
